Category,Name,URL,$ Raised,Investors,Founded,HQ,Focus
Code,Seek,https://www.seek.ai/,"$10,000","ARC Angel Fund, Differential Ventures, Function Collective",2021,"New York, NY",Data queries / SQL
Image,Maket,https://www.maket.ai/,"$20,000","NEXT Canada, Pareto Holdings, Front Row Ventures, Techstars, Dispatch Ventures, Edward Lando, Nadav Ben-Chanoch",2019,"Montreal, Canada",Architecture planning
Video,DeepWord,https://www.deepword.co/,"$20,000","Elevate Ventures, IU Ventures",2020,"Bloomington, US",Personalized videos
Text,Creatext,https://www.creatext.ai/,"$20,000",Techstars,2020,"Berlin, Germany",Sales Prospecting / email generation
Audio,Listnr,https://www.listnr.tech/,"$30,000","First Cheque, India Quotient, Titan Capital, Y Combinator",2020,"Bangalore, India",Voice generation
Avatars,In3D,https://in3d.io/,"$40,000",XTX Ventures,2019,"San Francisco, CA",Personal 3D avatars
Video,Elai,https://elai.io/,"$60,000","Startup Wise Guys, SID Venture Partners",2021,"Lewes, US",Text to Video
Text,Broca,https://www.usebroca.com/,"$80,000","Forum Ventures, Right Side Capital Management",2020,"Vancouver, Canada",Content creation
Image,YoDayo,https://yodayo.com/,"$100,000",Friends and Family,2021,"New York, NY",Anime art generation
Semantic Search,Pathway,https://www.pathway-ai.com/,"$100,000",Entrepreneur First,2022,"London, UK",Search financial information
Chatbot/Conversational AI,Cass,https://www.cass.ai/,"$100,000",,2014,"San Francisco, CA",Automated Virtual Agents (Healthcare)
Text,Koalluh,http://koalluh.com/,"$100,000",Character,2022,"Atlanta, GA",Story creation for kids
Video,Steve,https://www.steve.ai/,"$110,000",,2020,CA,Text to Video
Code,Enzyme,https://enzyme.so/,"$120,000",Techstars,2020,"Denver, CO",Web App Builders
Chatbot/Conversational AI,Quickchat,https://www.quickchat.ai/,"$125,000",Y Combinator,2019,Poland,AI Assistants
Chatbot/Conversational AI,Incentivai,https://www.incentivai.co/,"$125,000","Y Combinator, Amino Capital, Vy Capital",2018,"San Francisco, CA",Automated Virtual Agents
Image,Replicate,https://replicate.com/,"$125,000",Y Combinator,2019,"Culver City, United States",Open Source Art generation
Data,SharePay,https://getsharepay.com/,"$125,000",,2022,"Berkeley, CA",Shared payments
Image,Poly,https://withpoly.com/,"$130,000",Y Combinator,2022,"Santa Monica, CA",Design
Code,MutableAI,https://mutable.ai/,"$130,000","AIX Ventures, Y Combinator",2021,"Pittsburgh, United States",Code Generation / Quality
Semantic Search,Metaphor,https://metaphor.systems/,"$130,000","Helium-3 Ventures, Y Combinator, Atypical Ventures, Lombardstreet Ventures, Pioneer Fund, Pi Campus",2021,"New York, NY",Video/Image Search
Text,CopyMonkey,https://copymonkey.ai/,"$130,000","JOINT JOURNEY, River Venture Partners, Herman Kienhuis, Angels Band, EMERGE",2020,"Riga, Latvia",Marketing / E-Commerce Listings
Text,Write with LAIKA,https://www.writewithlaika.com/,"$150,000",Innovationsfonden,2022,"Copenhagen, Denmark",Personalised AI for writers
Text,reKnow,https://www.reknow.io,"$150,000",Skalata Ventures,2021,"Canberra, Australia",AI text generation and repurposing
Text,Hypotenuse AI,https://www.hypotenuse.ai/,"$150,000","Allison Pickens, Cabra VC, CP Ventures, EGR Partners, January Capital, Protege Ventures, Smart Partnership Capital, Smile Group, Y Combinator, Zentani Capital",2020,"Mountain View, United States",AI Content
Text,Letterdrop,https://letterdrop.com/,"$150,000",Y Combinator,2020,"San Francisco, CA",Marketing content operations
Image,Kaedim,https://www.kaedim3d.com/,"$200,000",,2020,"London, UK",2D to 3D image generation
Semantic Search,Delv AI,https://www.delv.ai/,"$200,000","Village Global, On Deck, Backend Capital (Lucy Guo), ClickUp (DreamCap VC)",2021,Miami,Hyper-local search and extractive summaries
Text,Samplead,https://samplead.co/,"$200,000",Fusion LA,2022,"Tel Aviv, IL",Personalized Emails (Sales)
Audio,BeyondWords,https://beyondwords.io/,"$200,000","Innovate UK, Newark Venture Partners, Meyvn",2016,"London, UK",Text to speech & speech to text
Video,Lumen5,https://lumen5.com/,"$220,000","New Ventures BC, Creative Destruction Lab (CDL), NEXT Canada, BCF Ventures",2016,"Vancouver, Canada","Text to Video, Video creation/editing"
Text,Seenapse,https://www.seenapse.it/,"$230,000","Nazca Ventures, Wayra",2014,Mexico City,Idea generation
Summarization,Scholarcy,https://www.scholarcy.com/,"$240,000",,2019,"Covent Garden, United Kingdom",Summarization
Game,GGPredict,https://ggpredict.io/,"$260,000","ff Venture Capital, TDJ Pitango Ventures",2019,"Warsaw, Poland",Gaming training
Image,Hexo,https://hexo.ai/,"$270,000",Antler Global,2022,SF/Bangalore,Custom image generation
Code,Unthink AI,https://unthink.ai/,"$285,000","HBAR Fund, George Brody, Anto Thomas",2022,"Dallas, TX",E-Commerce web page generation
Game,Parsnip,https://www.parsnip.ai/,"$300,000","Luis von Ahn, Severin Hacker, Jacob Peters, Zach Goldberg, Mark Miller, Barry Huang, and other angels",2020,"New York, NY",Cooking education
Text,Sage SEO,https://www.sageseo.ai/,"$325,000","Conscious Venture Fund, Nathan Stoll",2020,"Philadelphia, PA",generates Google Search results
Chatbot/Conversational AI,Sapling.ai,https://sapling.ai,"$330,000",Y Combinator,2019,"San Francisco, CA",AI messaging assistant
Text,GoCharlie,https://gocharlie.ai/,"$330,000","Alchemist Accelerator, Emerging Ventures, IU Ventures",2021,"Allentown, United States",Marketing content creation
Code,Axiom AI,https://axiom.ai/,"$330,000",Y Combinator,2018,"London, UK",Browser automation
Video,AudioLabs,https://www.audiolabs.io,"$360,000","Founders & execs from Cloudinary, WSC Sports, BrightData, Piggy, Nas Daily & more",2021,"Tel Aviv, Israel",Podcast to shortform clips
Game,Motorica AB,https://www.motorica.ai/home,"$450,000",,2020,"Stockholm, Sweden",AI character animation
Video,Zebracat,https://www.zebracat.ai/,"$450,000","Entrepreneur First, Dhyan VC",2021,"Berlin, Germany",Marketing video generation
Text,Inventurist,https://www.inventurist.ai/,"$500,000",,2019,California,Market research
Audio,Harmonai,https://www.harmonai.org/,"$500,000","Alchemist Accelerator, Emerging Ventures, IU Ventures",2020,"Allentown, PA",Audio generation
Audio,Pilot,https://www.getpilot.ai/,"$500,000","L2 Ventures, Pioneer Fund, Y Combinator",2022,"Walnut, United States",Speech to text / data organization
Code,AskEdith,https://www.askedith.ai/,"$500,000",Boost VC,2022,"Santa Clara, United States",Data queries / SQL
Audio,UberDuck,https://uberduck.ai/,"$500,000",Y Combinator,2022,"Seattle, WA",Voiceovers
MLOps/Platform,Rubbrband,https://rubbrband.com/,"$500,000",Y Combinator,2022,"San Francisco, CA",Open-source ML training
Code,Maya,https://mayalabs.io/,"$500,000","First Cheque, India Quotient, Titan Capital, Y Combinator",2020,"Bangalore, India",Software generation
Summarization,Glasp,https://glasp.co/,"$500,000",CyberAgent VC,2021,"San Francisco, CA",Note summarization / annotation
Image,Accomplice,https://accomplice.ai,"$520,000","Tinyseed, Splash Capital",2021,"Charlotte, NC",AI-generated stock photos
Chatbot/Conversational AI,Edgi Learning,https://www.edgibot.com/,"$685,000","LearnStart, Twenty Seven Ventures, Avalanche VC, Copper Wire Ventures",2021,"Brooklyn, NY",Homework assistant / chatbot
Image,Coxwave,https://www.coxwave.com/,"$750,000",,2021,"Seoul, South Korea",Image editing and search
Audio,Dubverse,https://dubverse.ai/,"$800,000",Kalaari Capital,2021,"Gurgaon, India",Video dubbing
Audio,Paperplane,https://www.paperplane.ai/,"$1,000,000","Jackson Moses, Bloomberg Beta, Afore Capital",2021,"New York, NY",Speech to text / data organization
Data,Betterdata,https://www.betterdata.ai/,"$1,000,000",Entrepreneur First,2021,"Singapore, Singapore",Synthetic Data
Image,Berserq,https://www.berserq.io,"$1,000,000",,2021,Singapore,Marketing image generation
Video,Aug X Labs,https://www.augxlabs.com/,"$1,000,000",Untapped Capital,2021,New York City,Multi-user video dev tool
Text,WriterZen,https://writerzen.net/,"$1,000,000",Wavemaker Partners,2021,"Singapore, Singapore",Content creation
Data,WordLift,https://wordlift.io/,"$1,000,000",Primo Ventures,2017,"Rome, Italy",AI-powered SEO / structured data generation
Text,TextCortex AI,https://textcortex.com/,"$1,000,000","btov Partners, Speedinvest, Amar Shah, Holger Hengstler, Entrepreneur First",2021,"Berlin, Germany",Marketing content generation
Data,Replica Analytics,https://replica-analytics.com/,"$1,000,000","Nina Capital, Mitacs, FACIT",2019,"Ottawa, Canada",Healthcare synthetic data
Text,neuroflash,https://neuroflash.com/,"$1,000,000","Microsoft Accelerator Berlin, Michael Diehl",2017,"Hamburg, Germany",Marketing content generation
Text,Linguix,https://linguix.com/,"$1,000,000","Antler, Flyer One Ventures, Grishin Robotics, Nitrx Capital LLC",2018,"Miami, United States",Writing/Editing
Text,Correcto,https://correcto.es/,"$1,000,000",Asymmetry Ventures,2021,"London, UK",Writing / editing (Spanish)
Semantic Search,Consensus,https://consensus.app/,"$1,000,000","Winklevoss Capital, Sam Parr, Joe Speiser, Permit Ventures, Bettor Capital, and 4 others",2021,"Boston, United States",Scientific Search / data organization
MLOps/Platform,Cerebrate AI,https://cerebrate.ai/beta/,"$1,000,000",Yakov Livshits,2021,Israel,AI as a service platform
Audio,Beatoven.ai,https://www.beatoven.ai/,"$1,055,000",Entrepreneur First and Capital 2B,2021,"Bangalore, India",Background music generation
Video,Vidyo,https://vidyo.ai/,"$1,160,000","PointOne Capital, Entrepreneur First, Upsparks",2021,"HSR Layout, India",Video clipping (longform to shortform)
Video,SuperCreator,https://www.supercreator.ai/,"$1,170,000","Serpentine Ventures, Benson Oak Ventures",2021,"Tel Aviv, Israel",Short form video
Audio,Kaizan,https://kaizan.ai/,"$1,180,000","Jigsaw VC, Founders Factory, Ledger, Charlotte Street Capital, IPONWEB, and 4 others",2021,"London, UK",Contact center / customer support
Video,Colossyan,https://www.colossyan.com/,"$1,190,000","Day One Capital, APX, Oktogon Ventures, Mikal Hallstrup, Akos Kapui",2020,"Wilmington, DE",AI Video Creation
Text,Frase,https://www.frase.io/,"$1,200,000","Pedro Tortosa, Bantam Group",2016,"Boston, United States",Content creation (SEO)
Video,Kamua,https://kamua.com/,"$1,230,000","Albert Armengol, Scott Cohen, Jellysmack",2019,"London, UK",Video editing / repurposing
Video,Wisecut,https://www.wisecut.video/,"$1,250,000","Google for Startups, TheVentureCity",2019,"Miami, FL",Video editing
Avatars,NeuraLoom,https://neuraloom.ai/,"$1,250,000",StartA VC,2019,"New York, NY",Generate synthetic avatars
Bio,NeuroX1,http://www.neurox1.com/,"$1,250,000","Trousdale Ventures, Vibe Capital",2021,"Austin, TX",Drug design for neurodegenerative diseases
Audio,Boomy,https://boomy.com/,"$1,380,000","Anna Cho, Boost VC, Chicago Early Growth Ventures, First Check Ventures, Future Labs, Intonation Ventures, Jeffrey Eschbach, Scrum Ventures, Sound Media Ventures",2018,"Berkeley, CA",Song generation
Audio,WaveAI,https://www.wave-ai.net/,"$1,400,000",500 Global,2017,"Sunnyvale, CA",Song generation
Text,Hypertype,https://hypertype.co/,"$1,500,000","Luminar Ventures, Antler, Angel Investors, Sting, Propel Capital",2021,"Stockholm, Sweden",Email generation
Code,Durable,https://durable.co/,"$1,500,000","Infinity Ventures, South Park Commons, Soma Capital, Torch Capital",2021,"San Francisco, CA",Web App Builder
Image,Botika,https://botika.io/,"$1,500,000","Homeward Ventures, Kaedan Capital, Operator Partners, Surround Ventures, Verissimo Ventures",2018,"Tel Aviv, Israel",Image Generation
Semantic Search,Zeta Alpha,https://www.zeta-alpha.com/,"$1,500,000",,2019,"Amsterdam, Netherlands",Discover and organize knowledge
Audio,Coqui,https://coqui.ai/,"$1,550,000",Mango Capital,2021,"Berlin, Germany",Text to Speech / Voice Synthesis
Image,OpenArt,https://openart.ai/,"$1,600,000","Decent Capital, BasisSet",2022,"San Jose, United States",Art generation
Image,Workorder AI,https://www.workorder.ai/,"$1,700,000","Mucker Capital, UBMB, AngelList, Uncommon Capital",2019,"Santa Monica, CA",Architecture design
Audio,Eleven Labs,https://www.elevenlabs.io/,"$1,800,000",Concept Ventures,2022,London,Long format speech generation
Audio,Speechki,https://speechki.org/,"$1,800,000","Greycroft, Alchemist, TS Ventures, DVC",2019,"Austin, TX",Audiobook voice generation
MLOps/Platform,Banana,https://www.banana.dev/,"$1,820,000","Alumni Ventures, Basecamp Fund, Pioneer.app,
CapitalX",2021,"San Francisco, CA",Model deployment
Text,United Robots,https://www.unitedrobots.ai/,"$2,000,000",Investment AB Spiltan,2016,"Malmö, Sweden",News Publishing / Generation
MLOps/Platform,TrueFoundry,https://www.truefoundry.com/,"$2,000,000","Sequoia Capital Operations, LLC dba Surge, Anthony Goldbloom, Michael Boufford, Maneesh Sharma, Dilipkumar Khandelwal, Naval Ravikant, Eniac Ventures Management, LLC, Sequoia Capital Operations, LLC",2021,"San Francisco, CA",Model development
Video,Respeecher,https://www.respeecher.com/,"$2,000,000","ff Venture Capital, Comcast NBCUniversal LIFT Labs Accelerator, Powered by Techstars, TechNexus Venture Collaborative, Chris Adelsbach, Acrobator Ventures | Acrobator.vc, and 5 others",2018,"Kyiv, Ukraine",Voice cloning
Audio,Notably,https://www.notably.ai/,"$2,000,000",Sentiero Ventures,2021,"Florida, United States","Note taking, organization, transcription"
Video,Munch,https://www.getmunch.com/,"$2,000,000","Cardumen Capital, Remagine Ventures",2021,"Tel Aviv, Israel",Social media content generation
MLOps/Platform,Featureform,https://www.featureform.com/,"$2,000,000","Zetta Venture Partners, Berkeley SkyDeck Fund",2019,"San Francisco, CA",Model development
Image,Depix,https://www.depix.ai/,"$2,000,000","Anges Quebec, AQC Capital",2019,"Montréal, Canada","Background removal, Photo enhancement"
Text,Compose AI,https://www.compose.ai/,"$2,000,000","Craft Ventures, Root and Shoot Ventures, Underdog Labs, Y Combinator",2020,"San Francisco, CA",Writing (automated)
Code,Codiga,https://www.codiga.io/,"$2,000,000","LAUNCH, Draper Cygnus, The Syndicate, Olivier Pomel, Service Provider Capital, and 8 others",2019,"Denver, United States",Code Quality
Code,aiXcoder,https://www.aixcoder.com/,"$2,000,000","PreAngel, Hillhouse Capital Group",2017,"Haidian, China",Code Completion
Audio,Aflorithmic,https://www.aflorithmic.ai/,"$2,000,000",Crowd Media,2019,"London, UK",Audio as a Service
Summarization,Upword,https://upword.ai/,"$2,000,000","Atooro, Telefonica, Saar Wilf, David Magerman, Eric Banoun, LVP, Arc impact",2021,"Tel Aviv, Israel",News summarization
Sentiment Analysis,Pluralytics,https://pluralytics.com/,"$2,000,000",Ecliptic Capital,2020,"Minneapolis, United States",Text sentiment analysis
Video,Pictory,https://pictory.ai/,"$2,000,000","FUSE, Voyager Capital, Bharat Shyam, Bill Bryant, Omri Bahat",2019,"Bothell, United States",Text to Video
Data,Octopize,https://octopize-md.com/en/,"$2,000,000","Bpifrance, Pays de la Loire Participations, Atlantique Vendée Innovation, Pays de la Loire Développement",2018,"Nantes, France",Synthetic data
Image,Hypar,https://hypar.io/,"$2,000,000",Building Ventures,2018,"Culver City, United States",Architecture design
Audio,Ecrett,https://ecrettmusic.com/,"$2,000,000","Ceres (Japan), Deepcore, iSG Investment Works, Mint (Tokyo), SMBC Venture Capital",2020,"Tokyo, Japan",Music generation
MLOps/Platform,Boltzbit,https://boltzbit.com/,"$2,000,000","Speedinvest, IQ Capital",2020,"London, UK",Generative AI Platform
Audio,SoundRaw,https://soundraw.io/,"$2,240,000","ANOBAKA, Atsushi Fukuda, Ceres (Japan), Deepcore, iSG Investment Works, Jun Fukuda, Kazuomi Kaneto, Masaru Sunagawa, Mint (Tokyo), Shuhei Yamashita, SMBC Venture Capital",2020,"Tokyo, Japan",Song generation
Audio,Aiva Technologies,https://www.aiva.ai/,"$2,280,000","Docler Holding, Geoffroy Verney-Carron, Horizon 2020 SME Instrument, Kima Ventures, Luxinnovation, NetEase, Pitch Your Startup",2016,Luxembourg,Song generation
Chatbot/Conversational AI,Keys,https://www.thekeys.ai/,"$2,320,000","Asymmetry Ventures, Cassis & Cassis Capital, Corner3, Datapower Ventures, DayDreams Ventures, DCA Asset Management, FirstMile Ventures, Kickstart Seed Fund, Moontide Capital, Service Provider Capital, Techstars, The Fund",2018,"Missoula, MT",Text generation
Image,KREA,https://www.krea.ai/,"$2,320,000","Asymmetry Ventures, Cassis & Cassis Capital, Corner3, Datapower Ventures, DayDreams Ventures, DCA Asset Management, FirstMile Ventures, Kickstart Seed Fund, Moontide Capital, Service Provider Capital, Techstars, The Fund",2022,"San Francisco, CA",Art generation
Text,Omneky,https://www.omneky.com/,"$2,500,000","Alloy Fund, Brianne Kimmel, Charlie Feng, Craig Kostelic, Deepcore, Eric Kohlmann, Gene Farrell, Hyphen Capital (San Francisco), John Donovan, Plug and Play Tech Center, Richard Socher, Tien Tzuo, Village Global",2018,"San Francisco, CA",Marketing / ad generation
Image,Cala,https://ca.la/,"$2,500,000","Adam Spector, Bá Minuzzi, BABEL Ventures, Cameron Drummond, Diane Ding, Ding Ventures, Hustle Fund, J Heart Ventures, Jeff Lin, Jonathan Hung, Kaitlin Kapur, Maersk Growth, Real Ventures, Z Venture Capital",2016,"New York, NY",AI Design
Chatbot/Conversational AI,Mana,http://withmana.com/,"$2,500,000","Global Founders Capital, Goodwater Capital, MSM, Umami Capital",2020,"London, UK",AI back office
Text,OthersideAI,https://www.othersideai.com/,"$2,600,000","Active Capital, Alpha Bridge Ventures, Chapter One Ventures, Hustle Fund, Incisive Ventures, Madrona Venture Group, New York Venture Partners",2020,"Los Angeles, United States",Writing/Editing
Text,Writesonic,https://writesonic.com/,"$2,600,000","Alexey Girzhadovich, Amino Capital, Broom Ventures, HOF Capital, John Xie, Manpreet Singh, Neel Palrecha, Rebel Fund, Soma Capital, Vinay Shukla, William Spencer, Y Combinator",2021,"San Francisco, CA",Content Writing
Video,Maverick,https://www.trymaverick.com/,"$2,700,000","Signia Venture Partners, Global Founders Capital, Unpopular Ventures, Hack VC",2021,"San Francisco, CA",Personalized videos for ecommerce
Video,OASIS,https://theoasis.com/,"$2,700,000","Atypical Ventures, Bossanova Investimentos, George Burke, Zillionize, Shane Neman, and 1 others",2019,"CA City, CA",Face swaps
Chatbot/Conversational AI,Pragma,https://www.pragma.ai/,"$2,800,000","INT3, Secret Chord Ventures",2021,"Tel Aviv, IL",AI sales assistant
Code,Mintlify,https://mintlify.com//,"$2,800,000","Bain Capital Ventures, Quinn Slack, Twenty Two Ventures, Y Combinator",2020,"New York, NY",Code Documentation
Video,Windsor,https://www.windsor.io/,"$3,000,000","Y Combinator, Afore Capital, Pioneer, Precursor Ventures, Packy McCormick, and 8 others",2018,"San Francisco, US",Personalized videos
Text,Sudowrite,https://www.sudowrite.com/,"$3,000,000",500 Global,2020,"San Francisco, CA",Writing (automated)
Audio,Sonantic,https://www.sonantic.io/,"$3,000,000","EQT Ventures, Edward Lando, AME Cloud Ventures, Jeremy Yap, Bart Swanson, and 1 others",2018,"London, UK",Voice Generation
Audio,NeuralSpace,https://www.neuralspace.ai/,"$3,000,000","Merus Capital, GoHub, APX, Techstars Hub71, Verissimo Ventures, and 2 others",2019,"London, UK",Speech to Text
Audio,Stylo,https://www.askstylo.com/,"$3,000,000","Matchstick Ventures, Caffeinated Capital, Converge, VitalizeVC",2021,"Boulder, United States",Contact Center
Video,Plask,https://plask.ai/,"$3,000,000","Smilegate Investment, KT investment Inc., Timewise Investment, NAVER D2 Startup Factory",2020,"Seoul, South Korea",Animation
Sentiment Analysis,MonkeyLearn,https://monkeylearn.com/,"$3,000,000","Uncork Capital, Bling Capital, 500 Global, Garuda Ventures, v1.vc, and 16 others",2014,"San Francisco, CA",Text analysis
MLOps/Platform,Lighton,https://lighton.ai/,"$3,000,000","Anorak Ventures, Frst Capital, Quantonation",2016,"Paris, France",NLP
Image,Let's Enhance,https://letsenhance.io/,"$3,000,000","Acrobator Ventures | Acrobator.vc, Techstars London Accelerator, Digital Future, Chamaeleon, Synetro Group, and 4 others",2018,"San Francisco, CA",Photo enhancement
MLOps/Platform,Humanloop,https://humanloop.com/,"$3,000,000","Y Combinator, Index Ventures, UCL Technology Fund",2020,"London, UK",Model development
Text,HIPSTO,https://hipsto.ai/,"$3,000,000",,2018,Amsterdam,AI Knowledge Discovery Platform
Image,Diagram,https://diagram.com/,"$3,000,000","Base Case Capital, Basis Set Ventures, Browder Capital, Figma, Lachy Groom, Ludlow Ventures, m]x[v Capital, Not Boring Capital, Offline Ventures, Otherwise Fund, Shrug Capital, Weekend Fund",2022,"New York City, United States",Product Design
Chatbot/Conversational AI,Cohere.io,https://cohere.io/,"$3,000,000","BoxGroup, Caffeinated Capital, Chapter One Ventures, Daniel Romero, Elad Gil, Eric Glyman, Eric Wu, Initialized Capital Management, Jack Altman, Karim Atiyeh, Naval Ravikant, Oscar Hong, Prasanna Sankaranarayanan, Rahul Vohra, Reform Ventures, Shrav Mehta, Shrug Capital, Soma Capital, Todd Goldberg, Vivek Sodera, Y Combinator, Zachary Perret",2020,"New York, NY",Customer Support
Semantic Search,Andi,https://andisearch.com/,"$3,000,000","Acacia Ventures Partners, BBQ Capital, Fepo Capital, Gaingels, Goodwater Capital, K20 Fund, Y Combinator",2020,"Miami, FL",Smart Search Assistant
Audio,Voiseed,https://www.voiseed.com/,"$3,000,000",EIC Fund - LIFTT,2020,"Milan, Italy",Multilingual AI dubbing platform
Chatbot/Conversational AI,Attention,https://www.attention.tech/,"$3,135,000","Eniac, Liquid2, Frst, MGV, Ride",2021,"New York, NY",Voice assistant for sales
Semantic Search,Dashworks,https://www.dashworks.ai/,"$3,150,000","Y Combinator, The MBA Fund",2018,"San Francisco, CA",Search engine platform
Summarization,Summari,https://www.summari.com/,"$3,200,000","Eniac Ventures, Founder Collective, G Squared, Raine Ventures, SV Angel",2019,"San Francisco, CA",Summarization (reading)
Chatbot/Conversational AI,XOKind,https://www.xokind.com/,"$3,250,000","Adam D'Angelo, Alexander Fang, Amir Khosrowshahi, Andreas Quandt, Andy Lam, Avid Larizadeh Duggan, Bob Gunderson, Bruce Tenenbaum, Charles Dietrich, Charles Johnson, Frederic Kerrest, Greg Fish, Ishan Mukherjee, Jacques Kerrest, James Psota, Michael Chobotov, Naveen Rao, Nitin Sharma, Section 32, SK Sharma, Vigyan Singhal",2019,"San Diego, CA",Support (Chat/Email)
Audio,Altered,https://www.altered.ai/,"$3,300,000","PTW, BigPi Ventures",2018,"London, UK",Voice augmentation
Image,Zocket,https://www.zocket.com/,"$3,500,000",Kalaari Capital,2021,"Chennai, India",Digital Ad generation platform
Video,Potion,https://www.sendpotion.com/,"$3,500,000","Unshackled Ventures, Streamlined Ventures",2020,"San Francisco, CA",Personalized videos
Data,OneView,https://one-view.ai/,"$3,500,000","Intel Ignite, MediaTek, Ondine Capital, TPY Capital, RDC",2019,Israel,Geospatial data
Audio,Mubert,https://mubert.com/,"$3,600,000","AltaIR Capital, Broocknell Ventures, FunCubator, GVA Capital, IT-Farm, kichinvest, LVL1 Group",2017,"Dover, US",Song generation
Audio,Amadeus Code,https://amadeuscode.com/app/en,"$3,640,000","Nippon Venture Capital, World Innovation Lab",2012,"Tokyo, Japan",Song generation
Avatars,Lalaland,https://lalaland.ai/,"$3,870,000","Amsterdam Student Investment Fund, Philips Innovation Award, Innovatiefonds Noord-Holland, Google for Startups Accelerator: Black Founders, Amhard Ford, Bart de Wilde, Christina Calje, Orange Wings, Thorsten Koch, Unknown Group",2019,Netherlands,Digital avatar models
Image,Pencil,https://www.trypencil.com/,"$4,000,000",Wavemaker Partners,2018,"Singapore, Singapore",Ad recommendations
Code,The.com,https://www.the.com/,"$4,000,000","NFX, Sound Ventures, Harry Stebbings, Village Global, VSC Ventures, Jay Parikh",2021,"San Francisco, CA",Website Generation
MLOps/Platform,Slai,https://www.slai.io/,"$4,000,000","Tiger Global Management, Alumni Ventures, Y Combinator, Soma Capital, Guy Podjarny, and 4 others",2021,"Cambridge, United States",Model dev
Text,Scalenut,https://www.scalenut.com/,"$4,000,000","Titan Capital, Saama Capital, Amit Singhal, AngelList India, First Principles",2020,"Haryana, India",Content/marketing
Audio,Resemble,https://www.resemble.ai/,"$4,000,000","Akatsuki Entertainment Technology Fund, Betaworks Ventures, Canaan Partners, Craft Ventures, Firstminute Capital, GMG Ventures, LoftyInc Capital Management, Mango.vc, Ubiquity Ventures",2018,"Toronto, Canada",Voiceovers
Summarization,Agolo,https://www.agolo.com/,"$4,000,000","CRV, M12 - Microsoft's Venture Fund, Ridgeline Partners, Lytical Ventures, Google, and 10 others",2012,"New York, NY",Summarization
Video,VOCHI,https://vochi.com/,"$4,000,000","Flyer One Ventures, TA Ventures, Bulba Ventures, ICLUB VC, Startup Wise Guys, and 7 others",2019,"Nicosia, Cyprus",Video creation/editing
Audio,Supertone,https://supertone.ai/,"$4,000,000",Big Hit Music,2020,"Yeoksamdong, South Korea",Voice Generation / cloning
Sentiment Analysis,Staircase,https://staircase.ai/,"$4,000,000","StageOne Ventures, Disruptive AI Venture Capital",2021,"Topanga, United States",Text sentiment analysis / contact center
Audio,Soundful,https://soundful.com/,"$4,000,000",,2019,San Diego,Song generation
Video,Reduct Video,https://reduct.video/,"$4,000,000","Greylock, Elad Gil, Pear VC, Dylan Field, Atomo, and 3 others",2018,San Francisco,Video editing
Text,Quillbot AI,https://quillbot.com/,"$4,000,000","Sierra Ventures, GSV Ventures, Service Provider Capital",2017,"Chicago, United States",Writing (paraphrasing)
Image,Imagen,https://imagen-ai.com/,"$4,000,000",NFX,2020,"Tel Aviv, Israel",Photo editing / profile picture generation
Video,EmbodyMe,https://embodyme.com/,"$4,000,000","Incubate Fund, SMBC Venture Capital, Deepcore, NEDO, Techstars Music, and 4 others",2016,"Tokyo, Japan",Face swaps
Text,Contlo,https://contlo.com/,"$4,000,000","Better Capital, Titan Capital, Kae Capital",2022,United States,Ecommerce Marketing
Text,Conversion Maker AI,https://conversionmaker.ai/,"$4,070,000",Christian Funk Holding,,Germany,Text generation
Game,Latitude/AI Dungeon,https://play.aidungeon.io/main/home,"$4,100,000","NFX, Griffen, Album.vc",2019,Salt Lake City,Games generation
Video,Dob Studio,https://www.dob.world/,"$4,230,000","BNK Venture Capital, CJ Investment, Dexter Studios, MEGAZONE, NAU IB Capital, T Investment",2020,Seoul,Virtual humans
Chatbot/Conversational AI,Circle Labs,https://circlelabs.xyz/,"$4,320,000","Techstars Music, AI Grant, Haystack, Lightspeed Venture Partners, Scott Belsky",2021,"Atlanta, GA",AI NPC platform
Video,Tavus,https://www.tavus.io/,"$4,370,000","Sequoia Capital, Y Combinator, Liquid 2 Ventures, Soma Capital, MANTIS Venture Capital, Browder Capital, SaxeCap, Zillionize",2020,Houston,Personalized videos
Summarization,Weave.ai,https://www.weave.ai/,"$4,500,000","Sierra Ventures, Working Knowledge, F10, Techstars",2015,"London, UK",Summarization
Summarization,Scispace,https://typeset.io/,"$4,500,000",Inventus Capital,2019,"Bangalore, Karnataka",Discover and understand research papers
Audio,Speechify,https://speechify.com/,"$4,500,000","Streamlined Ventures, Adjacent, G9 Ventures",2017,"Miami, FL",Text to Speech
Image,Skippr,https://skippr.com/,"$4,500,000","Bessemer Venture Partners, Moonfire Ventures, TechAviv Founder Partners",2022,"London, UK",Product design
Chatbot/Conversational AI,Botco.ai,https://botco.ai,"$4,500,000","Sterling Road, VamosVentures, Stout Street Capital, PHX Ventures, Sonoran Founders Fund",2020,"Arizona, United States",Generate AI chatbots
Video,Waymark,https://waymark.com/,"$4,600,000","Draper Associates, North Coast Technology Investors, Revolution's Rise of the Rest, Invest Detroit, Detroit Venture Partners",2010,"Detroit, Michigan",Text-to-video generation
MLOps/Platform,Obviously.ai,https://www.obviously.ai/,"$4,700,000","Sequoia Capital, Makerpad, B Capital , TMV , Performance Ventures, iSeed, Meta, NVIDIA, Berkeley SkyDeck, Arka Venture Labs, Golden Gate Ventures, BGV, Iterative Ventures, Blume Ventures, Untapped Capital, Tempo Ventures, Sanjay Nath, Ramakant Sharma, Kevin Moore",2018,"San Francisco, CA",No-code AI tool
Text,Typewise,https://www.typewise.app/,"$4,880,000","EuroUS Ventures, Innosuisse, North West Quadrant Ventures, Rebel Fund, StartAngels Network, Swiss ICT Investor Club, TR Invest (Switzerland), Y Combinator, Ziano Ventures",2019,"Binningen, Switzerland",Writing (CS / Sales)
Text,Twain,https://www.usetwain.com/,"$5,000,000","Sequoia Capital, TQ Ventures, Tiny VC, Julius Göllner, System.One, and 9 others",2021,"Berlin, Germany",Email Outbound
Text,Dynamo,https://www.dynamo.fyi/,"$5,000,000","Uri Levine, SeedIL, Homeward Ventures",2018,Israel,Social media content OS
Text,Demandwell,https://www.demandwell.com/,"$5,000,000",High Alpha,2018,"Indianapolis, United States",Content/marketing
Text,Phrasee,https://phrasee.co/,"$5,000,000","AlbionVC, Next Fifteen Communications Group, Galvanise Capital, Capital D",2015,"London, UK",AI Content
Text,Novus Writer,https://novuswriter.ai/,"$5,000,000","Startup Wise Guys, MIT Sandbox",2020,"Cambridge, United States",Written / Visual Content generation
Chatbot/Conversational AI,NLX,https://nlx.ai/,"$5,000,000","Aquila Capital Partners, Flying Fish Partners, JetBlue Ventures, Sage Venture Partners",2018,"New York, NY",Contact Center
Legal,Harvey,https://harvey.ai/,"$5,000,000","Elad Gil, Jeff Dean, OpenAI, Sarah Guo",2022,"Los Angeles, CA",Legal text generation
Image,CSM,https://csm.ai/,"$5,000,000","Intel Capital, Glasswing Ventures, Toyota Ventures, Omidyar Technology Ventures, Blindspot Ventures",2020,"Cambridge, United States",3D Image Generation
Chatbot/Conversational AI,Certainly,https://certainly.io/,"$5,000,000","Seed Capital, Thomas Black Petersen, Esben Gadsbøll, VF Venture",2016,"Copenhagen, Denmark",E-Commerce Customer Support
Image,Neurolabs,https://www.neurolabs.ai/,"$5,000,000","Launchub Ventures, Lunar Ventures, Techstart Ventures, 7percent, Charles Songhurst, Amar Shah, Zehan Wang",2019,"London, UK",Computer vision for CPG
Text,Flowrite,https://www.flowrite.com/,"$5,070,000","David Hegalson, Lifeline Ventures, Seedcamp, Ilkka Paananen, Johannes Schildt, Moonfire, Project A Ventures, Sven Ahrens",2020,Finland,Email generation
Bio,Cradle,https://cradle.bio/,"$5,500,000","Index Ventures, Kindred Capital",2021,"Zurich, Switzerland",Protein Generation
Game,Replica,https://replicastudios.com/,"$5,520,000","Carthona Capital, Flying Fox Ventures, Mawson, Techstars, The Venture Reality Fund",2018,"Brisbane, Australia",AI Voice Actors
Classification,Mem,https://get.mem.ai/,"$5,600,000","Andreessen Horowitz, Awesome People Ventures, Charlie Songhurst, Dreamers VC, Floodgate Fund, Greg Chang, Harry Stebbings, Julia Lipton, Kevin Hartz, Lenny Rachitsky, Material V, Shrug Capital, The Todd & Rahul Angel Fund, Tony Liu, Unusual Ventures",2019,"Los Altos Hills, CA",Self-organizing workspace
Video,Wombo,https://www.wombo.ai/,"$6,000,000","Global Founders Capital, 500 Global, Sofreh Capital, 468 Capital, FJ Labs, and 7 others",2020,"Toronto, Canada",Lip Synced Visualizations
Data,Syntegra,https://www.syntegra.io/,"$6,000,000","Village Global, WVV Capital, Launchpad Capital, Impact Venture Capital, GRIDS Capital, and 6 others",2019,"San Francisco, CA",Healthcare synthetic data
MLOps/Platform,SliceX AI,https://slicex.ai/,"$6,000,000","True Ventures, Calibrate, Tribe Capital, Stonebridge",2021,"Menlo Park, CA",Machine learning platform
Image,Prisma Labs,https://prisma-ai.com/,"$6,000,000","Mail.Ru Group, Elysium Venture Capital, Taver Capital Partners",2016,"San Francisco, CA",Photo to art generation
Game,Masterpiece Studio,https://masterpiecestudio.com/,"$6,000,000","Triptyq Capital, Panache Ventures, Cemtrex, Two Small Fish Ventures, Boost VC",2015,"Toronto, Canada",3D model generation / editing
Video,Reface,https://hey.reface.ai/,"$6,000,000","Andreessen Horowitz, TQ Ventures, Sergey Tokarev, Adventures Lab",2018,"Kyiv, Ukraine",Face swaps
Data,Hazy,https://hazy.com/,"$6,000,000","UCL Technology Fund, M12 - Microsoft's Venture Fund, Notion Capital, Ascension, AlbionVC, and 7 others",2017,"London, UK",Finance synthetic data
Text,Data Skrive,https://dataskrive.com/,"$6,000,000",Bettor Capital,2013,"Seattle, WA",Marketing content creation
Audio,Poised,https://www.poised.com,"$6,900,000","Wing, Slack, Next Play Ventures, Adam Grant, Andre Iguodala, Brianne Kimmel",2020,"San Francisco, CA",AI communication coach
Chatbot/Conversational AI,Tymely,https://www.tymely.ai/,"$7,000,000","Hetz Ventures, DESCOvery, 97212 Ventures",2020,"Tel Aviv, Israel",Contact Center (E-Commerce)
Text,theGist,https://www.thegist.ai/,"$7,000,000","Aleph, Lior Shemesh, Avishai Abrahami, Farhana Rahman, Shaul Olmert, Yoav Vilner, Itzik Ben Bassat",2022,"Tel Aviv, IL",Summarizes Slack messages
Legal,TermScout,https://www.termscout.com/,"$7,000,000","NFX, Bridge Investments, Ground Up Ventures, Sachse Family Fund, The Legal Tech Fund",2018,Colorado,Contract platform
Image,Swapp,https://www.swapp.ai/,"$7,000,000","Point72 Ventures, Entrée Capital, Waveline Ventures, The Junction",2019,"London, UK",Architecture planning
Text,Quattr,https://www.quattr.com/,"$7,000,000",Emergent Ventures,2019,"Palo Alto, CA",Growth Marketing / SEO Content generation
Audio,Lovo,https://www.lovo.ai/,"$7,000,000","Hashed, LG CNS, Kakao Investment, Goodwater Capital, Berkeley SkyDeck Fund, and 10 others",2019,"Berkeley, CA",Voiceovers
Video,Detail,https://detail.co/,"$7,000,000","Point Nine, Connect Ventures, Adjacent, Plural, Hustle Fund, TQ Ventures",2020,"Amsterdam, The Netherlands","Record, remix, and share videos"
MLOps/Platform,BLOOM,https://bigscience.notion.site/BLOOM-BigScience-176B-Model-ad073ca07cdf479398d5f95d88e218c4,"$7,000,000",publicly funded through grants,2022,"Paris, France",Open-source text generation model
Text,Intento,https://inten.to/,"$7,300,000","Flint Capital, Berkeley Skydeck Fund",2016,"San Francisco, CA",Content Translation
Code,Bloop,https://bloop.ai/,"$7,310,000","Y Combinator, Matilde Giglio, Ascension, Khosla Ventures, Sands Capital",2021,"London, UK",Code generation & documentation
Data,Mindtech,https://www.mindtech.global/,"$7,450,000","Deeptech Labs, In-Q-Tel, Mercia Asset Management, Appen",2017,United Kingdom,Synthetic data generation
Text,Personal.ai,https://www.personal.ai,"$7,800,000","Supernode Global, Differential Ventures, BBG Ventures, Beni VC, Village Global, Keshif Ventures, Good Friends",2020,"San Diego, CA",Personalized digital minds
Audio,Voicemod,https://www.voicemod.net/,"$8,000,000","BITKRAFT Ventures, Demium, Wayra, ABACON",2014,"Valencia, Spain",Voice Changing
Video,Peech,https://www.peech-ai.com/,"$8,000,000","Ibex Investors, fresh.fund, Cardumen Capital, Ariel Maislos, Nuseir Yassin",2020,"Tel Aviv, Israel",Content creation
Summarization,One AI,https://www.oneai.com/,"$8,000,000","TechAviv Founder Partners, Ariel Maislos, Tomer Weingarten",2021,"Ramat Gan, Israel",NLP AI / article summaries
Chatbot/Conversational AI,Verloop,https://verloop.io/,"$8,000,000","ADQ, Anand Chandrasekaran, Kris Gopalakrishnan, Mohandas Pai, Growth Story, and 4 others",2016,"Bangalore, India",Automated Virtual Agents
Video,Metaphysic,https://metaphysic.ai/,"$8,000,000","Section 32, 8VC, Winklevoss Capital, Logan Paul",2021,"London, UK",AI generated content tools
Video,GlossAI,https://glossai.co/,"$8,000,000","97212 Ventures, Ginossar Ventures, New Era Capital Partners, Moshe Halpern",2021,"Tel Aviv, Israel",Automatic video highlights
Chatbot/Conversational AI,Vozy,https://www.vozy.co,"$8,200,000","Gohub, Globant, Wayra, Starling Ventures, LatinLeap, Parallel18, Magma Partners",2017,"Medellin, Colombia",Conversational voice intelligence
Bio,Valence,https://www.valencediscovery.com/,"$8,500,000","Air Street Capital, Amplitude Ventures, Fifty Years Fund, Jonathan Milner, Phoenix Venture Partners",2018,"Quebec, Canada",Drug discovery platform
Image,Rosebud.ai,https://www.rosebud.ai/,"$8,950,000","Amplify Partners, Animoca Brands, Ankur Goyal, Balaji Srinivasan, Chris Messina, Essence Venture Capital, Foothill Ventures, Holly Liu, Ilya Sutskever, Jake Klamka, JUMP Investors, Kevin Lin, Khosla Ventures, Kun Gao, L'Oréal USA, Lux Capital, Peter Chen, Samuel Teller, Sfermion, Soma Capital, Timothy Chen, Valor Equity Partners, Y Combinator",2019,"San Francisco, CA",Photo/Video generation
Video,Movio,https://www.movio.la,"$9,000,000","Sequoia Capital China, Baidu Venture, IDG Capital",2022,SF,Text to Video
Text,MarketMuse,https://www.marketmuse.com/,"$9,000,000","Runway Venture Partners, LunaCap Ventures, Creative Destruction Lab (CDL), Informa Ventures, Riverside Company, and 15 others",2015,"Boston, United States",Content creation
Sentiment Analysis,Viable,https://www.askviable.com/,"$9,000,000","Craft Ventures, Javelin Venture Partners, Streamlined Ventures, Bossanova Investimentos, GTMFund, and 6 others",2020,"Oakland, United States",Customer support / text analysis
Audio,Amper,https://www.ampermusic.com/,"$9,000,000","Two Sigma Ventures, Horizons Ventures, Brooklyn Bridge Ventures, TechNexus Venture Collaborative, Advancit Capital, and 8 others",2014,New York,Song generation
Audio,Podcastle,https://podcastle.ai/,"$9,000,000","Sierra Ventures, Point Nine, RTP Global, SmartGateVC, Correlation Ventures, and 2 others",2020,"Yerevan, Armenia","Podcast recording, editing, exporting"
Text,Outplay,https://outplayhq.com/,"$9,300,000","Vispi Daver, Sequoia Capital India, Kunal Shah, Surge, Krish Subramanian, Kunal Shah, Vijay Rayapati, Vinod Muthukrishnan, Vispi Daver, Vijay Rayapati, Vara Kumar Namburu, Kunal Shah, Rajaraman Santhanam, Khadim Batti",2021,SF,Sales / email generation
Audio,Amberscript,https://www.amberscript.com/en/,"$10,000,000","Endeit Capital, VentureBuilders Capital",2017,"Amsterdam, Netherlands",Transcription and subtitles
Audio,Moises,https://moises.ai/,"$10,000,000","Kickstart, Monashees, Norwest Venture Partners, Alumni Ventures, Goodwater Capital, and 5 others",2019,Salt Lake City,"Songwriting, Isolate vocals/instruments"
Chatbot/Conversational AI,UneeQ,https://digitalhumans.com/,"$10,000,000","Alium Capital, ICE Angels, NZ Growth Capital Partners, Richard Socher, Sir Stephen Tindall",2009,New Zealand,Digital human creator platform
Text,Copysmith,https://copysmith.ai/,"$10,000,000","Harmony Venture Labs, Providence Strategic Growth",2020,"Birmingham, AL",Marketing content creation
Code,DhiWise,https://www.dhiwise.com/,"$10,000,000","Accel, Together Funds, India Quotient",2021,"Surat, India",Design to Code conversion
Game,The Simulation,https://fablesimulation.com/,"$10,500,000","Manta Ray, Social Discovery Ventures, Day One Ventures, LionTree LLC, 7percent Ventures, Boston Seed Capital, Dream Machine, GFR Fund, Outpost Capital LLC, Riverside Ventures, AET Fund (Akatsuki Entertainment Technology Fund), Super Ventures",2017,SF,NFT metaverse simulation
Semantic Search,ROSS Intelligence,http://rossintelligence.com,"$10,950,000","Y Combinator, ACE & Company, Comcast Ventures, Hedgewood, Inovia Capital, NextLaw Labs, Kima Ventures, Nicolas Pinto, Real Ventures",2014,"San Francisco, CA",Legal research
Image,Simplified,https://simplified.com/,"$11,000,000","Uncorrelated Ventures, Craft Ventures, LLC, Wing Venture Management, LLC, Khosla Ventures, LLC, 8-Bit Capital, Ankur Nagpal, Manik Gupta, Mads Johnsen, GFR Fund, LP, MyAsiaVC, Form Capital, LLC, Earl Grey Capital, Ajay Yadav, Rahul Vohra, Todd Goldberg",2014,"Austin, United States",Content Creation/Publishing
Chatbot/Conversational AI,Replika,https://replika.ai/,"$11,040,000","Y Combinator, Justin Waldron, Ludlow Ventures, Sherpa Capital, All Turtles, Khosla Ventures, Phil Libin, Richard Socher",2013,"San Francisco, CA",AI personal companion
Video,Kinetix,https://kinetix.tech/,"$11,620,000","Entrepreneur First, Zinemaldia Startup Challenge, Adam Ghobarah, Alexandre Yazdi, Animoca Brands, NAVER Z, Sparkle Ventures, The Sandbox, William O'Farrell, Xavier Niel",2020,"Paris, France",3D content generation from video
Text,Instoried,https://instoried.com/,"$11,630,000","Axilor Accelerator, CoWrks Foundry, Venture Catalysts, The Centre for Innovation and Entrepreneurship, Chinaccelerator, SOSV, 9Unicorns, Atesian, Faad Network, JITO Angels, JPIN VCATS, Lead Angels, Mumbai Angels, Rockstud Capital, Expert Dojo, Global Emerging Markets, Pritt Investment Partners",2017,India,Text generation
Chatbot/Conversational AI,Haptik,https://www.haptik.ai/,"$12,000,000","Kalaari Capital, Times Internet, Vivek Kumar",2013,"Mumbai, India",Automated Virtual Agents
Text,Ginger,https://www.gingersoftware.com/,"$12,000,000","Horizons Ventures, Harbor Pacific Capital, Jerusalem Global Ventures",2007,"Lexington, United States",Writing/Editing
Semantic Search,Twelve Labs,https://twelvelabs.io/,"$12,000,000","Index Ventures, Radical Ventures, Position Ventures, Expa, John S. Kim, and 11 others",2021,"Seattle, WA",Video/Image Search
Audio,Murf,https://murf.ai/,"$12,000,000","Elevation Capital, Matrix Partners India, Sanjeev Barnwal, Vidit Aatrey, Ankit Bhati, and 6 others",2020,Salt Lake City,Text to Speech
Audio,WellSaid,https://wellsaidlabs.com/,"$12,120,000","AI2 Incubator, Fuse (Seattle), Good Friends, Qualcomm Ventures, Voyager Capital",2018,"Seattle, WA",Text to Speech
Video,Rephrase,https://www.rephrase.ai/,"$12,320,000","8VC, AV8 Ventures, Lightspeed India Partners, Lightspeed Venture Partners, Lowe's Innovation Labs, Marsshot Ventures, Red Ventures, Silver Lake, Techstars",2019,San Francisco,Personalized videos
Chatbot/Conversational AI,Lang.ai,https://www.lang.ai/,"$13,000,000","Village Global, 500 Global, Alumni Ventures, Manish Patel, GTMFund, and 9 others",2018,"Madrid, Spain",Contact center / ticket prioritization
Video,Yepic,https://www.yepic.ai/,"$13,170,000","Andreessen Horowitz, Deepbridge Capital, Gaingels,SFC Capital",2019,"London, UK",AI powered dubbing
Text,Copy.ai,https://www.copy.ai/,"$13,920,000","Atelier Ventures, Browder Capital, Coppice Capital, Craft Ventures, DayDreams Ventures, Elad Gil, Matthew Caspari, Quint Capital, Sequoia Capital, Tiger Global Management, Unpopular Ventures, Wing Venture Capital",2020,"Memphis, United States",Content creation
Text,Madgicx,https://madgicx.com/,"$14,530,000",PeakSpan Capital,2018,"Herzliya, Israel",Ad Performance
Text,regie.ai,https://www.regie.ai/,"$14,800,000","Day One Ventures, Foundation Capital, Scale Venture Partners, South Park Commons",2020,"San Francisco, CA",Content/Marketing
Legal,Robin AI,https://www.robinai.co.uk/,"$15,000,000","Plural Platform, Episode 1 Ventures, Forward Partners, Softbank",2019,"London, UK",Contract simplification
Audio,LifeScore,https://www.lifescoremusic.com/,"$16,000,000","Octopus Ventures, Metaplanet Holdings, Warner Music Group, IDEO, 4-Good Ventures",2016,"Salisbury, UK",Song generation
MLOps/Platform,Deepset,https://www.deepset.ai/,"$16,000,000","GV, Lunar Ventures, System.One, Acequia Capital (AceCap), Charlie Songhurst, and 8 others",2018,"Berlin, Germany",NLP
Image,Beautiful.ai,https://www.beautiful.ai/,"$16,000,000","Trinity Ventures, Shasta Ventures, First Round Capital",2015,"San Francisco, CA",Deck Design
MLOps/Platform,Archistar,http://archistar.ai,"$17,540,000","AirTree Ventures, Skip Capital, NAB Ventures, Skyfield Capital",2010,Australia,Land Acquisition
Semantic Search,SeMI Technologies,https://www.semi.technology/,"$18,000,000","ING Groep N.V., New Enterprise Associates, LLC (NEA), Cortical Ventures, Zetta Venture Capital, LLC, ING Capital, LLC",2019,"Amsterdam, Netherlands",AI Infrastructure
Audio,Krisp,https://krisp.ai/,"$18,000,000","Sierra Ventures, Shanda Group, RTP Global, Storm Ventures, TechNexus Venture Collaborative, and 7 others",2017,"Berkeley, United States",Audio quality / sound extraction
Image,Facet,http://facet.ai,"$18,900,000","Basis Set Ventures, Accel, Slow Ventures, South Park Commons, Two Sigma Ventures",2017,"San Francisco, CA",AI-powered image editor
Image,PhotoRoom,https://www.photoroom.com/,"$19,000,000","Adjacent Venture Capital, Balderton Capital, Eric Setton, FJ Labs, Francescu Santoni, François Lagunas, Holger Seim, Jacob Eiting, Jean Patry, John Bonten, Kima Ventures, Liquid 2 Ventures, Nicolas Pinto, Nicolas Steegmann, Uncommon Projects, Y Combinator, Yann LeCun, Zehan Wang",2019,"Paris, France",photo generator / Background removal
Text,Pepper Content,https://www.peppercontent.io/,"$19,000,000","Titan Capital Services Pvt., Ltd., YourStory Media Pvt., Ltd., Sidharth Rao, Sanjay Tripathy, Hemanshu Jain, Manan Maheshwari, Alok Mittal, Amit Ranjan, Ritesh Malik, Saurabh Srivastava, Bessemer Venture Partners, LP (BVP), Tanglin Venture Partners Pte., Ltd. (TVP), Lightspeed Management Co., LLC dba Lightspeed Venture Partners, Gokul Rajaram, Kunal Shah, Ashish Gupta, Dheeraj Pandey, Ankur Nagpal, Abhinav Sinha, Ritesh Agarwal, Balaji Srinivasan, Dilipkumar Khandelwal, Akhil Paul, Miten Sampat, Aakrit Vaish, Gaurav Munjal, Beerud Sheth, Utsav Somani, YourStory, Titan Capital Solutions",2017,"Andheri East, India",Content/marketing generation
Image,Uizard,https://uizard.io/,"$19,000,000","Insight Partners, LDV Capital, byFounders, AV8 Ventures, 7percent Ventures, and 9 others",2018,"Copenhagen, Denmark",Product Design
Semantic Search,Vectara,https://vectara.com/,"$20,000,000","Amplify Partners, BECO Capital, Brighter Capital, Essence Venture Capital, Feld Ventures, Green Sands Equity, GTM Capital, MDSV Capital, NKM Capital, OODA Ventures, Page One Ventures, Spark Labs, Sparq Capital (United States), Transform VC, Vertex Ventures US,",2020,"Cupertino, United States",Video/Image Search
Video,Deepdub,https://deepdub.ai/,"$20,000,000","Insight Partners, Swift Ventures, Matias Ventures, Danny Grander, Booster Ventures, and 6 others",2019,"Tel Aviv-yafo, Israel",Content localization / dubbing
Audio,Endel,https://endel.io/,"$20,530,000","Amazon Alexa Fund, Gaingels, Impulse Ventures, Leaf Ventures, LionTree Partners, Plus Eight Equity Partners, Supermoon Capital, Target Global, Techstars, True Ventures, Waverley Capital",2018,"Berlin, Germany",Personalized soundscapes
Image,TestFit,https://testfit.io/,"$22,000,000","Parkway VC, Prologis Ventures",2016,"Dallas, TX",Real estate design
Audio,Splash,https://www.splashmusic.com/,"$23,000,000","BITKRAFT Ventures, King River Capital, Khosla Ventures, Amazon Alexa Fund, Mawson, Techstars",2017,"Brisbane, Australia",Song generation
MLOps/Platform,Galileo,https://www.rungalileo.io/,"$23,000,000","Battery Ventures, FactoryHQ, FPV Ventures, Walden Catalyst, Anthony Goldbloom, and 6 others",2021,"San Francisco, CA",Model development
MLOps/Platform,Symbl.ai,symbl.ai,"$23,720,000","Techstars, Flying Fish Venture Partners, Alexa Accelerator, Amazon Alexa Fund, CrossCut Ventures, Jump Capital, TechNexus, Third Kind Venture Capital, Tom Williams, Tony Chen, Great Point Ventures, Gutbrain Ventures, PBJ Capital",2018,"Seattle, WA",Conversational AI Platform
Legal,Darrow,https://www.darrow.ai/,"$24,000,000","F2 Venture Capital, NFX, Entrée Capital, Y Combinator",2020,"Tel Aviv, Israel",Legal case generation
Audio,AiMi,https://www.aimi.fm/,"$24,000,000","Founders Fund, Great Mountain Partners, Endanik, Ethos, Randall Mays",2019,"Austin, TX",Music generation
MLOps/Platform,Chooch AI,https://chooch.ai/,"$24,600,000","Vickers Venture Partners, 212.vc, Alumni Ventures, Streamlined Ventures, Waterman Ventures, NGA Accelerator",2015,"San Mateo, CA",Computer vision platform
MLOps/Platform,Iterative.ai,https://iterative.ai/,"$25,000,000","468 Capital, True Ventures, Afore Capital, Ihar Mahaniok",2018,"San Francisco, CA",Model development
MLOps/Platform,Outerbounds,https://outerbounds.com/,"$25,750,000","Greenoaks Capital, Foundation Capital & Amplify Partners",2021,"San Francisco, CA",Model dev
Text,Writer,https://writer.com/,"$26,000,000","Acrew Capital, Alexander MacCaw, Allison Pickens, Ankur Nagpal, Aspect Ventures, Austin Rief, Bonfire Ventures, Broadway Angels, Camille Ricketts, Dubai Silicon Oasis Authority, Gradient Ventures, GTMFund, Insight Partners, Jack Altman, James Beshara, Julia Lipton, Lemonade Capital, Lenny Rachitsky, MBC Ventures, Mubadala Capital-Ventures, Oliver Jay, Packy McCormick, Reform Ventures, Scott Belsky, The Todd & Rahul Angel Fund, Upfront Ventures, ValueStream Ventures, Vivek Sodera",2020,"San Francisco, CA",Writing/Editing
Video,Hour One,https://hourone.ai/,"$26,000,000","Amaranthine, Cerca Partners, Digital Horizon, Eynat Guez, Galaxy Interactive (New York), Gemini Capital, Insight Partners, Intel Ignite, Kindred Ventures, Remagine Ventures",2019,"Tel Aviv, Israel",Text to Video
MLOps/Platform,Synthesis AI,synthesis.ai,"$26,130,000","Plug and Play Accelerator, Bee Partners, Boom Capital, Kubera Venture Capital, Leta Capital, PJC, Swift Ventures, iRobot Ventures, 468 Capital, Sorenson Ventures, Strawberry Creek Ventures",2019,"San Francisco, CA",Synthetic data and image generation
Chatbot/Conversational AI,Ultimate,https://www.ultimate.ai/,"$27,000,000","Maki.vc, HV Capital, European Innovation Council, OMERS Ventures, Felicis Ventures, and 2 others",2017,"Berlin, Germany",Automated Virtual Agents
MLOps/Platform,AI Foundation,https://aifoundation.com/,"$27,000,000","Biz Stone, Endeavor, Founders Fund, The Brandtech Group, Alpha Edison, Mousse Partners",2017,"Las Vegas, NV",AI humans
Audio,Corti,corti.ai,"$27,160,000","Nordic Makers, Sunstone Capital, byFounders, Horizon 2020, Headstart Accelerator, Chr. Augustinus Fabrikker, IDInvest Partners, Vækstfonden",2016,Denmark,Healthcare Speech to text / data organization
Summarization,Abridge,https://www.abridge.com/,"$27,500,000","Pillar, Union Square Ventures, Aneesh Chopra, Bessemer Venture Partners, Esther Dyson, KdT Ventures, UPMC Enterprises, Zen Chu, Whistler Capital Partners, Wittington Ventures, Yoshua Bengio",2018,"Pittsburgh, PA",Healthcare conversation documentation
Semantic Search,Air Inc,https://air.inc/,"$28,220,000","Tiger Global, Lerer Hippeau, WndrCo, Slack Ventures, Red Sea Ventures, and Advancit Capital",2022,SF Bay Area,Marketing / search
MLOps/Platform,Gantry,https://gantry.io/,"$28,300,000","Amplify Partners, Coatue Management, Greg Brockman, GTMFund, Index Ventures, Mantis VC, Pieter Abbeel, South Park Commons",2021,"San Francisco, CA",Model development
Code,Codacy,https://www.codacy.com/,"$29,000,000","EQT Ventures, Join Capital, Bright Pixel, Armilar Venture Partners, Seedcamp, and 5 others",2012,"Lisbon, Portugal",Code Quality
Legal,ZERO,https://zerosystems.com/,"$29,510,000","NFX, Acorn Pacific Ventures, AiSprouts, Formic Ventures, One Way Ventures, Streamlined Ventures, AltaIR Capital, PBJ Capital, Vision Capital Group, 468 Capital, Chaos Ventures, Gutbrain Ventures",2014,"Campbell, CA",Automated admin tasks
MLOps/Platform,Aporia,https://www.aporia.com/,"$30,000,000","Vertex Ventures, Tiger Global Management, TLV Partners, Samsung NEXT, Tal Ventures, and 3 others",2019,"Tel Aviv, Israel",Model monitoring
Semantic Search,Hebbia,hebbia.ai,"$30,000,000","Floodgate, Index Ventures, Jerry Yang, Radical Ventures, Raquel Urtasun",2020,United States,Personal AI Analyst
Code,Tabnine,https://www.tabnine.com/,"$30,050,000","Arie Yahav, Bob Pasker, Fred Bosch, Hetz Ventures, Khosla Ventures, LIP Ventures Boutique, OurCrowd, Qualcomm Ventures, Samsung NEXT Ventures, Technion Israel Institute of Technology, TPY Capital",2013,"Tel Aviv, Israel",Code Completion
Bio,Aqemia,aqemia.com,"$30,430,000","Elaia Partners, Large Venture, Sanofi, French Healthcare NEXT Program, Ecole Normale Superieure, PariSante Campus",2019,France,molecule generation
Data,MostlyAI,https://mostly.ai/,"$31,000,000","Molten Ventures, Earlybird Venture Capital, 42CAP, Citi Ventures, PUSH Ventures",2017,"Vienna, Austria",Synthetic Data generation
Text,Anyword,https://anyword.com/,"$32,350,000","Amir Orad, Benjamin Narasin, Dror Berman, Gandyr Investments, Geoff Isenman, Howard Lerman, Innovation Endeavors, Lead Capital Partners, Marker, Michael Ronen, Nir Eyal, Omri Kaplan, Oren Abekasis, Sherpalo Ventures, The New York Times, Tomer Cohen, UpWest, Yossi Matias",2013,"New York, NY",Marketing / Copywriting
Chatbot/Conversational AI,EliseAI,https://www.eliseai.com/,"$32,440,000","Ground Up Ventures Fund, LP, Navitas Capital, The Durst Organization, Inc., Stonehenge Management, LLC dba Stonehenge NYC, AvalonBay Communities, Inc., Equity Residential (EQR), Golden Seeds, LLC, Golden Seeds Venture Fund, LP (GSVF)",2017,"New York, NY",Automated Virtual Agents
Audio,Papercup,https://www.papercup.com/,"$33,000,000","Sands Capital Ventures, Octopus Ventures, LocalGlobe, BDMI, Sky UK, and 5 others",2017,"London, UK",Video dubbing / localization
MLOps/Platform,Contents,https://www.contents.com/,"$33,860,000","Synergo Capital, B-holding, Invictus Capital, Gellify, Azimut Digitech Fund",2020,"Milan, Italy",Content creation platform
MLOps/Platform,Matroid,https://www.matroid.com/,"$34,000,000","New Enterprise Associates, Intel Capital, Energize Ventures",2016,"Palo Alto, CA",Computer vision
Video,VEED,https://www.veed.io/,"$35,000,000",Sequoia Capital,2018,"Benfleet, United Kingdom",Video creation/editing
Chatbot/Conversational AI,iGenius,https://www.igenius.ai/,"$35,000,000","Nova Capital, Blacksheep Ventures, EUREKA! Venture",2016,"Milan, Italy",Data analysis / science automation
Text,Maker AI,https://maker.ai/,"$36,400,000","Khosla Ventures, Y Combinator, FJ Labs, Spacecadet Vetures",2018,"Toronto, Ontario",Free AI on-demand content writing
MLOps/Platform,MosaicML,https://www.mosaicml.com/,"$37,000,000","AME Cloud Ventures, LLC, Playground Global, LLC, DCVC Management Co., LLC dba Data Collective, Lux Capital Management, LLC, Future Ventures, LP, Correlation Ventures, LLC, E14 Fund Management, Inc.",2020,"San Francisco, CA",Model development
Audio,Speak,https://www.speak.com/,"$38,000,000","OpenAI Startup Fund, Lachy Groom, Josh Buckley, Justin Mateen, Gokul Rajaram and Founders Fund.",2016,"San Francisco, CA",Learn to speak English
Semantic Search,Pinecone,https://www.pinecone.io/,"$38,000,000","Menlo Ventures, Wing Venture Capital, Tiger Global Management",2019,"San Mateo, United States",Vector database
Text,Unbounce,https://unbounce.com/,"$39,000,000","Espresso Capital, Real Ventures, Crest Rock Partners, 500 Global, Atlas Venture, and 6 others",2009,"Vancouver, Canada",AI Writer / Landing Pages
Chatbot/Conversational AI,Mavenoid,https://www.mavenoid.com/en/,"$40,000,000","Mosaic Ventures, Point Nine, Smedvig Capital, Creandum, Jeremy Yap, and 7 others",2017,"Stockholm, Sweden",Contact Center (Hardware)
Chatbot/Conversational AI,Ushur,https://ushur.com/,"$42,000,000","8VC, Third Point Ventures, Iron Pillar, Plug and Play, Aflac Global Ventures",2014,"Santa Clara, United States",Automated Virtual Agents
Sentiment Analysis,Textio,https://textio.com/,"$42,000,000","Emergence, Scale Venture Partners, Cowboy Ventures, Industry Ventures, Upside Partnership, and 3 others",2014,"Seattle, WA",Writing (bias / sentiment)
Bio,Atomic AI,https://atomic.ai/,"$42,000,000","8VC, Playground Global, Not Boring, AME Cloud, Greylock, Nat Friedman, Neal Kholsa",2020,"San Francisco, CA",AI-driven RNA drug discovery
Data,Parallel Domain,http://paralleldomain.com,"$43,650,000","Bessemer Venture Partners, Costanoa Ventures, RRE Ventures, Ubiquity Ventures, Toyota Ventures, Calibrate Ventures, Foundry Group, March Capital Partners",2017,"Palo Alto, CA",Synthetic data
MLOps/Platform,Robust Intelligence,https://www.robustintelligence.com/,"$44,000,000","Sequoia Capital, Tiger Global Management, Engineering Capital, Ram Shriram, Harpoon, and 1 others",2019,"San Francisco, CA",Model dev
Text,You,https://you.com/,"$45,000,000","Ayori Selassie, Breyer Capital, Cap Table Coalition, Day One Ventures, Fusion Fund, James Breyer, Marc Benioff, Norwest Venture Partners, Radical Ventures, rocketship.vc, Sound Ventures, Time Ventures",2020,"Palo Alto, CA",AI Writer / Knowledge Search
Data,Tonic,https://www.tonic.ai/,"$45,000,000","Insight Partners, GGV Capital, Heavybit, Bloomberg Beta, Xfund, and 5 others",2018,"San Francisco, CA",Synthetic Data
Video,Riverside,https://riverside.fm/,"$47,000,000","Oren Zeev, Seven Seven Six, Elad Gil, Zeev Ventures, Casey Neistat, and 5 others",2019,"Tel Aviv, Israel",Podcast recording / editing
Avatars,D-ID,https://www.d-id.com/,"$48,000,000","Y Combinator, Foundation Capital, Maverick Ventures Israel, Pegasus Tech Ventures, Pitango Venture Capital, AI Alliance, AXA Venture Partners, Hyundai Motor Company, Mindset Ventures, Omron Ventures, REDDS Capital, Macquarie Capital, Marubeni Corporation, Maverick Capital, NTT Finance, OIF Ventures, OurCrowd",2017,"Tel Aviv, Israel",Customized videos featuring talking avatars
Chatbot/Conversational AI,Balto,https://www.balto.ai/,"$52,000,000","Stage Venture Partners, Sierra Ventures, Stripes, Arch Grants, OCA Ventures, and 10 others",2017,"St Louis, United States",Automated Virtual Agents
Video,InVideo,https://invideo.io/,"$53,000,000","Surge, Sequoia Capital India, Tiger Global Management, Lightspeed Venture Partners, Hummingbird Ventures, and 7 others",2017,"Singapore, Singapore","Text to Video, Video creation/editing"
Avatars,DeepBrain AI,http://deepbrainai.io,"$55,760,000","L&S VENTURE CAPITAL, Donghoon Investment, K-Startup Grand Challenge, Korea Credit Guarantee Fund, CH & Partners, IDG Capital, KB Investment, POSCO Capital, IMM Investment, KDB Capital, Korea Development Bank, NVESTOR, Noh & Partners, Visa FinTech Fast-Track Program, Shinhan Future's Lab",2016,South Korea,Virtual Humans and Avatars
MLOps/Platform,Lightning.ai,https://lightning.ai/,"$59,000,000","Coatue, Index Ventures, Bain Capital Ventures, MANTIS Venture Capital, Firstminute Capital, and 1 others",2019,"New York, NY",Model development
Video,Magnifi,https://magnifi.ai/,"$60,880,000","Inflection Point Ventures, LLP, 9Unicorns Accelerator Fund, Chinaccelerator, Venture Catalysts Pvt., Ltd. (VCAT), SOSV Investments, LLC, Cathexis Ventures, Anthill Capital Pte., Ltd. dba Anthill Ventures, InnoVen Capital India Pvt., Ltd., Ventureast Fund Advisors India, Ltd., Baring Private Equity Partners India, Ltd., Huashan Capital, Moneta Ventures, LLC, Saikiran Krishnamurthy, Binny Bansal, Vinay Bansal, Mitesh Shah, Ankur Mittal, Mumbai Angels Network, Hyderabad Angels (HA), The Chennai Angels (TCA)",2017,"Mumbai, India",Video editing / insights
Audio,AssemblyAI,https://www.assemblyai.com/,"$63,000,000","Accel, Insight Partners, Daniel Gross, Nat Friedman",2017,San Francisco,Speech to Text
Summarization,Otter,https://otter.ai/,"$63,000,000","Horizons Ventures, Draper Associates, Spectrum",2016,"Mountain View, CA",Meeting note summarization
MLOps/Platform,Adept,https://www.adept.ai/,"$65,000,000","10X Capital, Addition, Air Street Capital, Andrej Karpathy, Chris Re, Greylock Partners, Howie Liu, Root Ventures, Sarah Meyohas, Scott Belsky",2017,"San Francisco, CA",General intelligence
Avatars,Synthesia,https://www.synthesia.io/,"$65,500,000","Christian Bach, FirstMark Capital, GV, Innovate UK, Kleiner Perkins, LDV Capital, Mark Cuban, Martin Varsavsky, Michael Buckley, MMC Ventures, Nigel Morris, Philipp Moehring, Radical Investments, Seedcamp, Taavet Hinrikus, Tiny.VC, VAS Ventures",2017,"London, UK",AI avatar video creation
Text,Persado,https://www.persado.com/,"$66,000,000","Goldman Sachs, Bain Capital Ventures, StarVest Partners, Citi Ventures, American Express, and 4 others",2012,"New York, NY",Language generation
MLOps/Platform,Creative Fabrica,https://www.creativefabrica.com/spark/,"$68,000,000","Alven, Felix Capital, Peak Capital, Triple Point, LionTree, FJLabs",2016,Amsterdam,Art and writing generation
Chatbot/Conversational AI,PolyAI,https://poly.ai/,"$68,000,000","Passion Capital Investments, LLP, Amadeus Capital Partners, Ltd., Entrepreneur First Operations, Ltd., Sands Capital Management, LLC, Point72 Ventures, LLC, Khosla Ventures, LLC, Air Street Capital, LLP, Steve Crossan, Twilio, Inc., Georgian Partners, Inc., Chris Mairs, Nathan Benaich",2017,"London, UK",Voice Assistants
Data,Gretel,https://gretel.ai/,"$68,000,000","Greylock, Moonshots Capital, Anthos Capital, Village Global, Village Capital, and 1 others",2019,"San Diego, CA",Synthetic data generation
Legal,Casetext,http://casetext.com,"$69,320,000","A-Grade, Ben Davenport, Charlie Cheever, Crosslink Capital, Paul Buchheit, Red Sea Ventures, Rob Emrich, SV Angel, Susa Ventures, Tom Glocer, WeFunder, Y Combinator, BoxGroup, Formation 8, Union Square Ventures, 8VC, Canvas Ventures, Paycheck Protection Program",2013,"San Francisco, CA",Legal case generation
MLOps/Platform,Comet ML,https://www.comet.com/site/,"$70,000,000","Trilogy Equity Partners, Amazon Alexa Fund, Scale Venture Partners, OpenView, Two Sigma Ventures, and 6 others",2017,"New York, NY",Model deployment / modeling / collaboration
Text,Mutiny,http://www.mutinyhq.com/,"$71,620,000","Aileen Lee, Andrew McLoughlin, Blue Trail Partners, Cowboy Ventures, Earl Grey Capital, Emily Kramer, GTMFund, Hack VC, Insight Partners, John Adractas, Liquid 2 Ventures, Michael Stoppelman, Paul Buchheit, Sequoia Capital, Tiger Global Management, Uncork Capital, Y Combinator",2018,"San Francisco, CA",Marketing / Personalized websites
Data,DataGen Technologies,https://datagen.tech/,"$72,000,000","ICON, Anthony Goldbloom, Spider Capital Partners, TLV Partners, Viola Ventures, Gal Chechik, Michael J. Black, Scale Venture Partners, Trevor Darrell",2017,Israel,Synthetic data generation
Code,Warp,https://www.warp.dev/,"$73,000,000","Dylan Field, Elad Gil, Jeff Weiner, Marc Benioff, BoxGroup, Google Ventures, Neo Fund",2020,"New York, NY",code generation (terminal)
Chatbot/Conversational AI,Kasisto,https://kasisto.com/,"$81,000,000","NCR, FIS, Oak HC/FT, Propel VC, Westpac, and 16 others",2013,"New York, NY",Customer support
Avatars,Inworld,https://www.inworld.ai/,"$83,320,000","Accelerator Investments, BITKRAFT Ventures, CRV, Disney Accelerator, First Spark Ventures, Founders Fund, Intel Capital, Kevin Lin, Kleiner Perkins, LG Technology Ventures, M12, Marc Merrill, Meta Platforms, Micron Ventures, NaHCO3, Nathaniel Mitchell, NTT Docomo Ventures, Sebastien Borget, Section 32, SK Telecom, The Venture Reality Fund, Yat Siu",2021,"Mountain View, CA",NPC's for games
Audio,Deepgram,https://deepgram.com/,"$87,720,000","Y Combinator, Tiger Global Management, In-Q-Tel, Wing Venture Capital, Compound, and 11 others",2015,San Francisco,Speech to Text
Chatbot/Conversational AI,Forethought,https://forethought.ai/,"$92,000,000","New Enterprise Associates, K9 Ventures, Steadfast Financial, Village Global, 8VC, and 36 others",2017,"San Francisco, CA",Customer Support
Video,Runway,https://runwayml.com/,"$95,500,000","Amplify Partners, Compound, Lux Capital, Caryn Marooney, David Cahn, Coatue, Felicis, Madrona Venture Group",2018,"Brooklyn, NY",Image/Video creation/editing
Text,Eluether GPT-NEO,https://www.eleuther.ai/,"$100,000,000",,,,Text Generation
Audio,Descript,https://www.descript.com/,"$100,000,000","Alex Blumberg, Andreessen Horowitz, ASDF Ventures, Bharat Mediratta, Brian Pokorny, Casey Neistat, Devdatta Akhawe, Evan Williams, HubSpot Ventures, Jack Patreon, Jake Shapiro, Jay Simons, Jean-Denis Greze, John Lilly, Justine Ezarik, Lenny Rachitsky, Naval Ravikant, OpenAI, Raghavendra Prabhu, Rahul Vohra, Redpoint Ventures, Shishir Mehrotra, Spark Capital, Tobias Lutke, Todd Goldberg",2017,"San Francisco, CA",Voice generation
Image,Stable Diffusion,https://stablediffusionweb.com/,"$100,000,000",,,,Image Generation
Image,Stability,https://stability.ai/,"$100,000,000","Lightspeed Venture Partners, Coatue, O'Shaughnessy Asset Management, Seed Club Ventures",2019,"London, UK",Open AI Tools / Image Generation
Data,MDClone,https://www.mdclone.com/,"$104,000,000","OrbiMed, Warburg Pincus, Lightspeed Venture Partners, Viola Growth, aMoon Fund",2016,"Be'er Sheva, Israel",Healthcare / science synthetic data
Code,Replit,https://replit.com/,"$104,620,000","A Capital Inn, A.Capital Ventures, A16z Cultural Leadership Fund, Adam D'Angelo, Addition, Amino Capital, Andreessen Horowitz, Andrew Sutherland, Ankur Nagpal, Anthony Pompliano, Austen Allred, Benjamin Darnell, Bloomberg Beta, Coatue Management, Dave Lee, Domagoj Babic, Fadi Ghandour, Fahd Ananta, Fifth Down Capital, Gagan Biyani, Greg Brockman, Henrique Debugras, Mattia Astori, Mission and Market, Not Boring Capital, Olivier Pomel, Paul Graham, Peter Thiel, Reach Capital, Roach Capital, Scott Schleifer, Shaan Puri, Shaikh Khalid Bin Mansour Bin Ahmed Bin Ali Althani, Soleio Cuervo, South Park Commons, Vinay Hiremath, Vlad Tenev, Volt Capital, Y Combinator, Zachary Sims",2016,"San Francisco, CA",Web Development
MLOps/Platform,InstaDeep,http://instadeep.com,"$113,650,000","Plug and Play Accelerator, AfricInvest, Endeavor, Alpha Intelligence Capital, BioNTech, CDIB Capital International, Chimera Investments, DB Digital Ventures, G42, Google, Synergie",2014,United Kingdom,industry-specific generative applications
MLOps/Platform,AI21 Labs,https://www.ai21.com/,"$119,000,000","Pitango Venture Capital, Ahren Innovation Capital, Walden Catalyst, TPY Capital, Mark Leslie, and 1 others",2017,"Tel Aviv, Israel","NLP models, Wordtune write / summarization"
Image,Soul Machines,soulmachines.com,"$119,500,000","Horizons Ventures, ICONIQ Capital, Daimler Financial Services, University of Auckland Inventors Fund, Lakestar, Salesforce Ventures, Temasek, Cleveland Avenue, Liberty City Ventures, SoftBank Group, Solasta Ventures",2016,"San Francisco, CA",visual media generation
Chatbot/Conversational AI,Woebot Health,https://woebothealth.com/,"$123,300,000","Social Discovery Ventures, Ltd., AI Fund, L.P., Temasek Holdings Pte., Ltd., BlackRock, Inc., New Enterprise Associates, LLC (NEA), Alumni Ventures Group, LLC (AVG), Gaingels, LLC, Owl Ventures, L.P., Mirae Asset Capital Markets (India) Pvt., Ltd., Jazz Venture Partners, LLC, Kicker Ventures, LLC, Leaps by Bayer, For Good Ventures, Calm Ventures, What If Ventures, LP",2017,"San Francisco, CA",Mental Health / chatbot
MLOps/Platform,OctoML,https://octoml.ai/,"$132,000,000","Tiger Global Management, Amplify Partners, Madrona, Addition",2019,"Seattle, WA",Model development
Text,Jasper.ai,https://www.jasper.ai/,"$146,690,000","Bessemer Venture Partners, Coatue Management, Foundation Capital, Founders Circle Capital, G Ventures (VC), Hack VC, HubSpot Ventures, Insight Partners, IVP, Liquid 2 Ventures, Y Combinator, Z Nation Lab",2021,"Austin, United States",Content/Marketing
Semantic Search,Glean,https://www.glean.com/,"$156,000,000","General Catalyst, Kleiner Perkins, Lightspeed Venture Partners, Sequoia Capital, Slack Fund",2019,"Palo Alto, CA",Knowledge
Chatbot/Conversational AI,Cresta,https://cresta.com/,"$157,100,000","345 Partners, Allen & Company, Andreas Von Bechtolsheim, Andreessen Horowitz, Aviv Nevo, CarMax, Five9, Genesys, Greylock Partners, JPMorgan Chase, Mark Leslie, Porsche Ventures, Sequoia Capital, Tech Square Ventures, Tiger Global Management, Zoom Video Communications",2017,"San Francisco, CA",Contact Center / Customer support
MLOps/Platform,Hugging Face,https://huggingface.co/,"$160,000,000","Betaworks, Lux Capital, Addition, Ronny Conway, Sequoia Capital, and 20 others",2016,"New York, NY",ML Models
MLOps/Platform,Cohere.ai,https://cohere.ai/,"$165,000,000","Tiger Global Management, Index Ventures, Section 32, Radical Ventures, Fei-Fei Li, and 3 others",2019,"Toronto, Canada",NLP Platform
Summarization,PrimerAI,https://primer.ai/,"$168,000,000","DCVC, Lux Capital, Addition, Avalon Ventures, Amplify Partners, and 12 others",2015,"San Francisco, CA",Summarization
Chatbot/Conversational AI,Ada,https://www.ada.cx/,"$191,000,000","Accel, Bessemer Venture Partners, FirstMark, Spark Capital, RFI, and 12 others",2016,"Toronto, Canada",Automated Virtual Agents
MLOps/Platform,Weights & Biases,https://wandb.ai/site,"$200,000,000","Coatue, Insight Partners, NVIDIA, Trinity Ventures, Bond, and 9 others",2017,"San Francisco, CA",Model development
Chatbot/Conversational AI,Observe.ai,https://www.observe.ai/,"$214,000,000","Nexus Venture Partners, Y Combinator, Menlo Ventures, SoftBank Vision Fund, Emergent Ventures, and 13 others",2017,"San Francisco, CA",Contact Center
MLOps/Platform,Inflection AI,inflection.ai,"$225,000,000",Greylock Partners,2022,"Palo Alto, CA",cross-industry generative interfaces
Audio,DupDub,https://www.dupdub.com/,"$251,620,000","Volkswagen Group China, Alphabet, Susquehanna Asia Investments, Sequoia Capital China, ZhenFund",2012,"Beijing, China",Voiceovers
MLOps/Platform,Anyscale,https://www.anyscale.com/,"$259,000,000","Andreessen Horowitz, Addition, New Enterprise Associates, Intel Capital, Ant Group, and 6 others",2019,"San Francisco, CA",Platform / application scaling
Chatbot/Conversational AI,Moveworks,https://moveworks.com,"$305,000,000","Tiger Global, Bain Capital, Kleiner Perkins, Sapphire Ventures, Lightspeed, Alkeon Capital",2016,"Mountain View, CA",AI-based employee support
Image,Lightricks,https://www.lightricks.com/,"$335,000,000","Viola Ventures, ClalTech, Insight Partners, Goldman Sachs, Altshuler Shaham, Clal Venture Capital, Goldman Sachs Asset Management, Greycroft, Hanaco Venture Capital, Harel Insurance Investments & Financial Services, Migdal Insurance, Shavit Capital Fund, Charli D'Amelio, Dixie D'Amelio, Heidi D'Amelio, Marc D'Amelio",2013,Israel,AI Image generation
Code,GitHub Copilot,https://github.com/features/copilot,"$350,500,000","EB Exchange Funds, 3Spoke Capital, Frazier Group, IVP, Markmel Company, Olam Capital, Samsung NEXT Ventures, Section Partners, Sequoia Capital, Spring Camp, Thrive Capital, TrueBridge Capital Partners, Andreessen Horowitz, SV Angel",2008,"San Francisco, CA",Code Generation
Chatbot/Conversational AI,ASAPP,https://www.asapp.com/,"$380,000,000","Fidelity Management and Research Company, Dragoneer Investment Group, HOF Capital, Emergence, Telstra Ventures, and 11 others",2014,"New York, NY",Contact Center
Text,Grammarly,https://www.grammarly.com/,"$400,000,000","General Catalyst, BlackRock, Baillie Gifford, IVP, Sozo Ventures, and 3 others",2009,"San Francisco, CA",Writing/Editing
Bio,Insilico,https://insilico.com/,"$402,000,000","Deep Knowledge Ventures, A-Level Capital, Jim Mellon, GSK, BOLD Capital Partners, Juvenescence, Pavilion Capital, WuXi Healthcare Ventures, Baidu Ventures, Eight Roads Ventures, F-Prime Capital, Lilly Asia Ventures, Qiming Venture Partners, Sinovation Ventures, B Capital Group, CPE, Deerfield Management, Formic Ventures, Lake Bleu Capital, Maison Capital, Mirae Asset Capital, OrbiMed Advisors, President International Development, Sage Partners, Sequoia Capital China, Warburg Pincus, Bohai Huamei, Prosperity7 Ventures, Wilson Sonsini Goodrich & Rosati, Bill & Melinda Gates Foundation",2014,Hong Kong,Protein & drug design
Audio,Dialpad,https://www.dialpad.com/,"$450,000,000","Andreessen Horowitz, GV, SoftBank, ICONIQ Capital, Amasia, and 11 others",2011,"San Francisco, CA",Team/Customer Communications
MLOps/Platform,Scale AI,https://scale.com/,"$602,860,000","Y Combinator, Accel, Index Partners, Founders Fund, Tiger Global, Coatue, Greenoaks, Wellington Management, Durable Capital Partners, Dragoneer Investment Group, Thrive Capital, Spark Capital, Next Play Ventures",2016,"San Francisco, CA",Data-Centric ML Lifecycle
Text,Anthropic,https://www.anthropic.com/,"$704,000,000","Metaplanet Holdings, Caroline Ellison, Nishad Singh, Samuel Bankman-Fried, Center for Emerging Risk Research, Dustin Moskovitz, Eric Schmidt, Jaan Tallinn, James McClave",2021,"San Francisco, CA",Text Generation
MLOps/Platform,OpenAI,https://openai.com/,"$1,010,120,000","Microsoft, Change.org, Khosla Ventures, Amazon Web Services, Infosys, Peter Thiel, Reid Hoffman, Y Combinator",2015,"San Francisco, CA",AI Research and deployment
Category,Name,URL,$ Raised,Investors,Founded,HQ,Focus
Text,Whizle,https://whizle.com,,,2021,"London, UK",Generates quizzes from videos
Image,Stockimg.ai,https://stockimg.ai/,,,,,Stock image generation
Image,PicUP.Ai,https://www.cutout.pro/,,,2019,Hong Kong,Automated image editing
Text,Kadoa,https://www.kadoa.co/,,,2023,"Zurich, Switzerland",Data Extraction with generative AI
Video,Zubtitle,https://zubtitle.com/,,,2018,"Charleston, SC",Subtitles
Avatars,XOLTAR,https://xoltar.com/,,,2020,Israel,AI accountability partners
Text,Wokelo.ai,https://www.wokelo.ai/,,,2022,"Seattle, Washington",Market Research Reports
Image,Vizcom,https://www.vizcom.ai/,,,2021,"Mountain View, United States",Drawings
Text,Topic,https://www.usetopic.com/,,"CMI Marketing, CafeMedia",2019,"San Francisco, CA",Content creation (SEO)
Code,Blackbox,https://www.useblackbox.io/,,,2019,"San Francisco, CA",Code Completion / Search
Video,UnScreen,https://www.unscreen.com/,,Canva,2017,"Wien, Austria",Video creation/editing
Text,Trinka,https://www.trinka.ai/,,,2020,"Mumbai, India",Writing/Editing
Image,The Culture DAO,https://www.theculturedao.com/,,,2021,,Media/Advertising
Text,Textmetrics,https://www.textmetrics.com/,,"OostNL, Filsa Capital",2015,"Arnhem, The Netherlands",Writing/Editing
Image,Tailorbird,https://www.tailorbird.us/,,"Bloomberg Beta, FJ Labs, NFX, Moderne Ventures",2020,"Princeton, New Jersey",Architecture planning
Image,Strmr,https://www.strmr.com/,,,,,Image Generation
Text,Storywizard.ai,https://www.storywizard.ai/,,,2022,"Tel Aviv, IL",Children's story generation
Image,Starryai,https://www.starryai.com/,,,2021,"New York City, United States",Art generation
Audio,Sonify,https://www.sonify.io/,,,2019,NYC,Data to music
Chatbot/Conversational AI,Social Keyboard,https://www.socialkeyboardapp.com/,,,2022,"Palo Alto, CA",Translate and rewrite messages
Text,Smartwriter.ai,https://www.smartwriter.ai/,,,2021,"Sydney, Australia",Personalized Emails (Sales)
Text,ShortlyAI,https://www.shortlyai.com/,,"Conversion AI, Jasper",2020,"London, UK",Writing (automated)
Text,Shakespeare,https://www.shakespeare.ai/,,,2022,"London, UK",Copywriting
Chatbot/Conversational AI,Samespace,https://www.samespace.com/,,,2015,"Palo Alto, CA",Contact Center
Image,Removebg,https://www.remove.bg/,,Canva,2018,"Vienna, Austria",Background removal
Audio,ReadSpeaker,https://www.readspeaker.ai/,,,1999,Boston,Text to Speech
Image,Profile Picture,https://www.profilepicture.ai/,,,,,Image Generation
Image,Ponzu,https://www.ponzu.gg/,,South Park Commons,2022,SF,Marketing
Summarization,Plnia,https://www.plnia.com/,,,2018,,NLP AI
Image,Phaito,https://www.phaito.com/,,,,,photo auto-editing
Text,Peppertype.ai,https://www.peppertype.ai/,,,2020,India,Marketing / content generation
Summarization,Penelope,https://www.penelope.ai/,,"FFWD London, Oxford University Innovation, Oxygen Accelerator, Innovate UK",2021,"London, UK",Summarization (academic)
Audio,Panjaya,https://www.panjaya.ai/,,,2021,"Tel Aviv, Israel",AI dubbing
Text,Outwrite,https://www.outwrite.com/,,,2015,"Sydney, Australia",Writing/Editing
Text,Outranking,https://www.outranking.io/,,,2016,"Middletown, United States",Content creation (SEO)
Text,Nyle,https://www.nyle.ai/,,,2019,"Brooklyn, NY",E-Commerce Growth
Text,NLP Labs,https://www.nlp-labs.com/,,,,,Text Generation
Text,NeuralText,https://www.neuraltext.com/,,Aurelia Ventures,2021,"Dover, United States",Content automation
Classification,Napkin,https://www.napkin.one/,,,2021,"Zurich, Switzerland",Text classification / organization
Audio,Musico,https://www.musi-co.com/,,,2019,"Eindhoven, Netherlands",Song generation
Data,MirryAI,https://www.mirry.ai/main,,,2021,"Atlanta, United States",Synthetic Data
Image,Mirage,https://www.mirageml.com/,,,2022,"San Francisco, CA",3D Generation
Image,Midjourney,https://www.midjourney.com/,,,2007,"San Francisco, CA",Research Lab
Text,Mark,https://www.markcopy.ai/,,,2021,"Paris, France",Content creation
Text,Reach,https://www.magicreach.ai/,,,2021,"Milan, Italy",Personalized Emails (Sales)
Image,Mage.space,https://www.mage.space/,,,2019,"New York, NY",Art generation
Text,LongShot AI,https://www.longshot.ai/,,,2021,"Mumbai, India",Blogs
Game,LitRPG,https://www.litrpgadventures.com/,,,,,RPG Generation
Text,Lavender,https://www.lavender.ai/,,"Aneil Johal, Asymmetric Capital Partners, Christopher Wheeler, Ganesh Ramakrishnan, Troy Osinoff",2020,"New York, NY",Sales email generation
Audio,LALAL,https://www.lalal.ai/,,,2020,"Zug, Switzerland",Audio quality
Image,Kartiv,https://www.kartiv.com/,,,,,AI generated ad creatives
Text,Growth Marketing Pro,https://www.growthmarketingpro.com/,,,2017,"San Francisco, CA",Growth Marketing / SEO Content generation
MLOps/Platform,Gooey.ai,https://www.gooey.ai/,,"Blume Ventures, Techstars",2022,Seattle,Image Generation
Text,Moonbeam,https://www.gomoonbeam.com/,,,2022,"Sheridan, United States",Writing (automated)
Text,Glimpse.ai,https://www.glimpse.ai/,,,2020,"Baltimore, United States",Natural Langauge Generation
Summarization,Hume,https://www.gethume.com/,,,2021,"Gothenburg, Sweden",Interview analysis
Image,Alpaca,https://www.getalpaca.io/,,,2022,"Montreal, Canada",Photo enhancement
Video,GenieLabs,https://www.genielabs.tech/,,,2022,"TelAviv, Israel",3D Models/Scenes
Text,Fluento,https://www.fluento.ai/,,,,"London, England",Learning Languages
Audio,Flowful,https://www.flowful.app/,,,2021,"London, UK",Ambient Music generation
Chatbot/Conversational AI,Flewently,https://www.flewently.com,,,2022,"London, UK",Language learning
Video,Flawless,https://www.flawlessai.com/,,"JAMCO Capital partners, Inc.",2020,"London, UK",Lip Synced Visualizations
Audio,Fabius,https://www.fabius.io/,,,2020,"San Francisco, CA",Data Analysis
Game,Electric noir studios,https://www.electricnoirstudios.com/,,,2017,"London, UK",Interactive drama mobile games
Text,DigitalFirst,https://www.digitalfirst.ai/,,,2021,Poland,Marketing / content generation
Data,Deep Design Systems,https://www.deepdesignsystems.com/,,,2020,"A Coruña, Spain",Synthetic Industrial Design
Image,Craiyon,https://www.craiyon.com/,,,2022,"Houston, TX",Art generation
Text,Craftly.ai,https://www.craftly.ai/,,,2021,"Toronto, Canada",Copywriting
Text,Copy Shark,https://www.copyshark.ai/,,,2021,"Richmond Hill, Canada",Content/Copy creation
Text,Conto,https://www.conto.ai/,,,2021,"Barcelona, Spain",Content/Copy creation
Text,Closers Copy,https://www.closerscopy.com/,,,2020,"Osterode am Harz, Germany",Content/Copy creation
Data,Sloped.xyz,https://www.sloped.xyz/,,,2022,"Boston, Massachusetts",Data visualization from NLP
Chatbot/Conversational AI,Crone AI,https://www.crone.ai,,,2022,"Menlo Park, CA",AI Business Mentor
Text,Clickable,https://www.clickable.so/,,"Evening Fund, Musha Ventures, Y Combinator, Zentani Capital",2022,"Goteborg, Sweden",Ad Creation
Text,BuildAI,https://www.buildai.space/,,,,,Build AI interfaces
Text,Broadn,https://www.broadn.io/,,,2022,"London, UK",Generative learning
Image,Blend,https://www.blendnow.com/,,"3one4 Capital, Blume Ventures, Graycell Ventures, PointOne Capital, Superb Capital, Surge (Accelerator)",2021,"Bengaluru, India",Photo to Ad
Text,Beewriter,https://www.beewriter.com/,,,2020,"Seattle, Washington",Writing/Editing
Text,B/BLOQS,https://www.bbloqs.ai,,,2021,"Asheville, NC",AI marketing platform
Video,Basch,https://www.basch.io/,,,2021,"Karnataka, India",Text to Video
Image,AutoEnhance.ai,https://www.autoenhance.ai/,,,2021,"London, UK",Photo enhancement
Chatbot/Conversational AI,Astrid,https://www.astrideducation.com/,,,2020,"Stockholm, Sweden",Personalized English tutoring
Text,Article Forge,https://www.articleforge.com/,,,2015,"Baltimore, United States",Content creation
Image,ArtBreeder,https://www.artbreeder.com/,,,2019,"New York, NY",Art generation
Image,Aragon,https://www.aragon.ai/,,,2022,CA,Design
Code,AI2sql,https://www.ai2sql.io/,,,2021,"Istanbul, Turkey",Data queries / SQL
Image,AdCreative,https://www.adcreative.ai/,,,2021,"Paris, France",Ad generation / recommendations
Text,Writerly,https://writerly.ai/,,,2022,"London, UK",Content creation (SEO)
Text,Vizologi,https://vizologi.com/,,Pedro Trillo García,2019,Spain,AI generated answers
Video,Salt,https://twitter.com/SALT_VERSE?s=20&t=OwmtcrzVtB6nz-vL-v11KA,,,,,Film generation
Summarization,Tome,https://tome.com/,,"Better Tomorrow Ventures, Page One Ventures, Quiet Capital",2021,"San Francisco, CA",Content summarization
Summarization,TLDR This,https://tldrthis.com/,,,2019,"New Delhi, India",Summarization
Text,Thundercontent,https://thundercontent.com/,,,2021,"New York City, United States",Marketing content creation
Video,Synthesys,https://synthesys.io/,,,2020,"London, UK",Text to Video
Text,Surfer,https://surferseo.com/,,,2017,"Wroclaw, Poland",Marketing content generation
Text,Subtxt,https://subtxt.app/,,,,"Los Angeles, United States",Writing (stories)
Code,Stenography,https://stenography.dev/,,,2021,"New York City, United States",Code Documentation
Video,Shuffll,https://shuffll.com/,,,2022,"Tel Aviv, Israel",Multi-user video dev tool
Image,ShowHue,https://showhue.com/,,,2018,Taiwan,E-commerce product photos
Text,Seo.ai,https://seo.ai/,,,,"Kongens Lyngby, Denmark",Content creation (SEO)
Text,Rytr,https://rytr.me/,,"500 Global, Purvi Capital LLC, Rajan Anandan",2021,"Walnut, United States",Content creation
Text,Quantamix Solutions,https://quantamixsolutions.com/,,,2019,"Uithoorn, The Netherlands",Content automation
Text,Qopywriter.ai,https://qopywriter.ai/,,,2021,"Tallin, Estonia",Copywriting
Code,Pygma,https://pygma.app/,,,2022,,Code Quality
Text,ProWritingAid,https://prowritingaid.com/,,,2013,"Oxford, United Kingdom",Writing/Editing
Audio,podcast.ai,https://podcast.ai/,,,,,Voice Synthesis / Generation
Image,Playground,https://playgroundai.com/,,,2022,,Image Generation
Audio,Play,https://play.ht/,,,2016,"Dubai, UAE",Text to Speech
Text,ParagraphAI,https://paragraphai.com/,,,2022,,Writing/Editing
Image,Osmosis,https://osmosis.studio/,,,2022,"San Francisco, CA",Ad generation
Video,Opus,https://opus.ai/,,,2019,"Austin, TX",Text to Video
Image,Nyx.gallery,https://nyx.gallery/,,,2022,"Vaud, Switzerland",Art generation
Game,Here Be Taverns,https://www.herebetaverns.com/,,,,,Gaming world generation
Image,Nvidia Get 3D,https://nv-tlabs.github.io/GET3D/,,,,,3D images
Text,NovelAI,https://novelai.net/,,,2021,"Wilmington, United States",Writing (stories)
Audio,NoteVibes,https://notevibes.com/,,,2020,,Voice Generation
MLOps/Platform,NLP Cloud,https://nlpcloud.com/,,,2021,"Villard-de-Lans, France",Model development
Text,Nichesss,https://nichesss.com/,,,2020,"Rio de Janeiro, Brazil",Text generation (AI writer)
Image,Neural.love,https://neural.love/,,,2020,"Pudisoo, Estonia",Photo enhancement
Text,Minerva Solutions,https://minervasolutions.io/,,,2019,"New York, NY",Advertising for real estate
Chatbot/Conversational AI,MetaDialog,https://metadialog.com/,,,2020,"Newton, United States",Automated Virtual Agents
Text,Magic Copy,https://magic-copy.com/,,,,,Marketing content creation
Audio,Maestra,https://maestrasuite.com/,,,2018,New York City,Voice transcription
Text,Lyne.ai,https://lyne.ai/,,,2020,"Nashville, United States",Data products / sales outreach
Semantic Search,Looria,https://looria.com,,,2021,Zurich,Search product reviews
Chatbot/Conversational AI,Loora,https://loora.ai/,,"Emerge, The Flying Whale Ventures, Kaedan Capital, Sagi Benbasat, Ron Tamir, Ofer Lazovski, Ziv Yanous,",2020,"Tel Aviv, IL",English speaking coach
Image,Lexica,https://lexica.art/,,,2022,"San Francisco, CA",Image Generation
Legal,LEX,https://lexai.co/en,,Innovationsstarter,2021,"Hamburg, Germany",Legal summarization / search
Text,Lex.page,https://lex.page/,,,2022,"Los Angeles, CA",Text generation
Game,Leonardo.Ai,https://leonardo.ai/,,,,,Game asset generation
Text,LanguageTool,https://languagetool.org/,,,2017,"Potsdam, Germany",Writing editor / improver
Chatbot/Conversational AI,Kai,https://kai.ai/,,"Micha Breakstone, Sagi Schliesser, Elad Bleistein",2019,"Tel Aviv, IL",AI well-being companion
Text,Kafkai,https://kafkai.com/,,,2018,"Tallinn, Estonia",Marketing content creation
Text,Jenni,https://jenni.ai/,,,2015,"San Diego, CA",Text generation (AI writer)
Image,Interior AI,https://interiorai.com/,,,2022,Spain,Interior Design
Text,INK,https://inkforall.com/,,,2019,"Houston, United States",NLO / content generation
Classification,hi4.ai,https://hi4.ai/,,"Roberto Singler, Nir Lavion",2020,"Tel Aviv, IL",Data labeling/tagging
Text,Hemingway,https://hemingwayapp.com/,,,2013,"New York, NY",Writing/Editing
Text,Headlime,https://headlime.com/,,,2020,"Roden, Netherlands",Marketing copywriting
Text,Deep Mind Gopher,https://gpt3demo.com/apps/deepmind-gopher,,,,,Text generation
Text,Facebook OPT,https://github.com/facebookresearch/metaseq/tree/main/projects/OPT,,,,,Text Generation
Classification,VectorAI,https://getvectorai.com/,,"Artesian Capital Management, Galileo Ventures",2020,"Sydney, Australia",Image Similarity
Image,Geniverse,https://geniverse.co/,,,2022,"Barcelona, Spain",Image generation
Video,GAN,https://gan.inc/,,"Scalable Ventures, Surge (Accelerator)",2021,"New Delhi, India",Personalized videos
Text,Galactica/Amazon,https://galactica.org/,,,,,Formula to Text
Video,Fliki,https://fliki.ai/,,,2022,"Delaware, US",Text to Video
MLOps/Platform,Fermat,https://fermat.ws/,,MK Venture Capital,2018,"Barcelona, Spain",Image / Text / Content generation
Code,excelformulabot,https://excelformulabot.com/,,,2022,"Orlando, FL",Excel Querying
Summarization,Elicit,https://elicit.org/,,,2022,"San Francisco, CA",Data search / summarization
Image,DreamFusion,https://dreamfusion3d.github.io/,,,,,3D image generation
Image,DrawAnyone,https://drawanyone.com/,,,,,Image Generation
Image,Deep Dream Generator,https://deepdreamgenerator.com/,,,2015,"Fremont, United States",Image generation
Code,Debuild,https://debuild.app/,,"Adam D'Angelo, Amjad Masad, Brianne Kimmel, Calvin French-Owen, Charlie Cheever, Expo Capital Management, Garry Tan, James Higa, Jason Warner, Joshua Buckley, Rahul Vohra, Tom Brown, Work Life Ventures",2018,"San Francisco, CA",Web App Builder
Image,NightCare,https://creator.nightcafe.studio/,,,2019,"Sydney, Australia",Image Generation
Text,Copymatic,https://copymatic.ai/,,,2021,"Los Angeles, United States",Marketing content creation
Summarization,Contentelly,https://contentelly.com/,,,2022,Tbilisi,Blog post generation from news
Text,ContentBot.ai,https://contentbot.ai/,,LianLian Pay,2021,"Miami, United States",Marketing content creation
Text,Contenda,https://contenda.co/,,"Basis Set Ventures, Cassidy Williams, Contrary Capital, Eliot Horowitz, Jim O'Neill, Rough Draft Ventures, Scribble Ventures",2021,"Philadelphia, United States",Marketing content creation
Summarization,Consizely,https://consizely.com/,,,2021,"Dublin, CA",Summarization
Code,CodePilot.ai,https://codepilot.netlify.app/,,,2016,"Plano, United States",Code Search / Developer Profiles
Text,ChibiAI,https://chibi.ai/,,,2021,"Mount Vernon, United States",Text generation (AI Writer)
Classification,Capacities,https://capacities.io/,,Media Lab Bayern,2022,"Sankt Wendel, Germany",Note taking / data organization
Image,Bria,https://bria.ai/,,"Entree Capital, TLV Seed, IN Venture",2020,"Tel Aviv-yafo, Israel",Image Generation
Avatars,Character.AI,https://beta.character.ai/,,,2021,"Menlo Park, CA",AI Characters/Avatars
Text,Bertha.ai,https://bertha.ai/,,,2021,"Ascot, United Kingdom",Marketing / Copywriting
Code,Amazon CodeWhisperer,https://aws.amazon.com/codewhisperer/,,,,,Code Completion / Documentation
Avatars,Avatar AI,https://avatarai.me/,,,,,Photorealistic AI avatars
Bio,MDM,https://arxiv.org/abs/2209.05710,,,,,3D Bio molecule generation
Image,Amazing Photos,https://amazing.photos/,,,,,Image Generation
Text,AISEO,https://aiseo.ai/,,,2021,"Amsterdam, Netherlands",Marketing / Copywriting
Text,AI Writer,https://ai-writer.com/,,,2015,"Regensburg, Germany",Marketing / Content creation
Text,ABtesting.ai,https://abtesting.ai/,,,2019,"Montevideo, Uruguay",Marketing & A/B Testing
Video,Vedia,http://www.vedia.ai/,,Miami Angels,2016,"Miami, FL",Video generation
Image,Crait AI,http://crait.it/,,,2022,"Istanbul, Turkey",AI powered product photography